exit_time,date,symbol,contracts,entry_price,exit_price,risk_pts,net_pnl,reason,balance_after,cushion_after
2022-01-04 10:00:00-05:00,2022-01-04,MNQ,2,16060.55,16026.469999999998,21.30000000000109,133.840000000007,Target,50133.840000000004,2351.6400000000067
2022-01-04 12:45:00-05:00,2022-01-04,MES,2,4777.15,4772.349999999999,3.0,45.52000000000182,Target,50179.36000000001,2397.1600000000108
2022-01-12 10:30:00-05:00,2022-01-12,M2K,1,2175.9,2171.5800000000004,2.699999999999818,41.95999999999709,Target,50221.32000000001,2439.12000000001
2022-01-12 11:15:00-05:00,2022-01-12,MNQ,2,15427.35,15443.7,16.100000000000364,-67.88000000000146,Stop Loss,50153.44,2366.719999999994
2022-01-26 10:40:00-05:00,2022-01-26,MNQ,2,14013.35,14035.6,22.0,-91.48,Stop Loss,50061.96,2275.2399999999907
2022-01-26 14:20:00-05:00,2022-01-26,MES,2,4396.6,4402.5,5.649999999999636,-61.47999999999636,Stop Loss,50000.48,2213.7599999999948
2022-02-02 10:00:00-05:00,2022-02-02,MES,2,4545.95,4550.2,4.0,-44.98,Stop Loss,49955.5,2168.7799999999916
2022-02-07 11:35:00-05:00,2022-02-07,M2K,1,1996.8000000000002,1987.2000000000003,6.0,94.7599999999991,Target,50050.26,2263.5399999999936
2022-02-25 10:05:00-05:00,2022-02-25,MES,2,4285.55,4290.0,4.199999999999818,-46.97999999999818,Stop Loss,50003.280000000006,2216.5599999999977
2022-02-28 12:30:00-05:00,2022-02-28,M2K,1,2024.0,2028.1000000000001,4.000000000000227,-42.240000000001366,Stop Loss,49961.04000000001,2174.3199999999997
2022-03-03 09:55:00-05:00,2022-03-03,MES,2,4392.55,4398.85,6.050000000000182,-65.48000000000182,Stop Loss,49895.560000000005,2108.8399999999965
2022-03-11 10:15:00-05:00,2022-03-11,M2K,1,1998.7,1995.34,2.1000000000001364,32.36000000000127,Target,49927.920000000006,2141.199999999997
2022-03-11 10:50:00-05:00,2022-03-11,MES,2,4259.15,4265.8,6.400000000000546,-68.98000000000546,Stop Loss,49858.94,2072.219999999994
2022-04-12 12:45:00-04:00,2022-04-12,M2K,1,1992.15,1988.95,2.0,30.760000000000456,Target,49889.700000000004,2102.979999999996
2022-04-20 10:00:00-04:00,2022-04-20,M2K,1,2021.9,2024.0,2.0,-22.23999999999909,Stop Loss,49867.46000000001,2080.739999999998
2022-04-20 10:25:00-04:00,2022-04-20,MES,2,4452.35,4459.6,7.0,-74.98,Stop Loss,49792.48,2005.7599999999948
2022-04-21 11:15:00-04:00,2022-04-21,MES,2,4473.15,4468.189999999999,3.100000000000364,47.12000000000946,Target,49839.60000000001,2052.8800000000047
2022-05-25 12:40:00-04:00,2022-05-25,M2K,1,1768.9,1771.0,2.0,-22.23999999999909,Stop Loss,49817.360000000015,2030.6400000000067
2022-05-25 14:15:00-04:00,2022-05-25,MES,2,3946.25,3954.5,8.0,-84.98,Stop Loss,49732.38000000001,1945.6600000000035
2022-06-06 12:00:00-04:00,2022-06-06,MES,2,4135.15,4122.909999999999,7.650000000000546,119.92000000000691,Target,49852.30000000002,2065.580000000009
2022-06-15 10:45:00-04:00,2022-06-15,MES,2,3778.35,3772.75,3.5,53.519999999999094,Target,49905.820000000014,2119.100000000006
2022-06-15 14:20:00-04:00,2022-06-15,M2K,1,1708.8000000000002,1702.2400000000002,4.099999999999909,64.35999999999946,Target,49970.180000000015,2183.4600000000064
2022-06-27 10:25:00-04:00,2022-06-27,M2K,1,1749.9,1744.6200000000001,3.2999999999999545,51.559999999999725,Target,50021.74000000001,2235.020000000004
2022-07-06 11:15:00-04:00,2022-07-06,MNQ,2,11474.15,11490.25,14.5,-66.88000000000146,Stop Loss,49954.86000000001,2168.1399999999994
2022-07-29 11:50:00-04:00,2022-07-29,MES,2,4089.75,4096.7,6.699999999999818,-71.97999999999818,Stop Loss,49882.88000000001,2096.1600000000035
2022-08-08 11:25:00-04:00,2022-08-08,MNQ,2,12942.55,12926.55,10.0,61.52,Target,49944.40000000001,2157.6800000000003
2022-08-11 14:00:00-04:00,2022-08-11,MNQ,2,13036.95,13014.390000000003,14.099999999998545,87.75999999999068,Target,50032.159999999996,2245.439999999988
2022-08-15 11:30:00-04:00,2022-08-15,MNQ,2,13217.15,13238.25,18.5,-86.88000000000146,Stop Loss,49945.27999999999,2158.559999999983
2022-09-02 12:50:00-04:00,2022-09-02,MES,2,3966.95,3960.0699999999997,4.300000000000182,66.32000000000109,Target,50011.59999999999,2224.879999999983
2022-09-15 10:50:00-04:00,2022-09-15,M2K,1,1833.65,1828.7700000000002,3.0499999999999545,47.559999999998816,Target,50059.15999999999,2272.4399999999805
2022-09-21 11:05:00-04:00,2022-09-21,MES,2,3859.65,3854.85,3.0,45.52000000000182,Target,50104.67999999999,2317.9599999999846
2022-10-14 10:00:00-04:00,2022-10-14,MES,2,3664.85,3652.0499999999997,8.0,125.52000000000182,Target,50230.2,2303.020000000004
2022-10-24 09:50:00-04:00,2022-10-24,M2K,1,1724.8500000000001,1730.95,6.0,-62.23999999999909,Stop Loss,50167.96,2240.780000000006
2022-10-24 10:50:00-04:00,2022-10-24,MES,2,3746.85,3752.7,5.599999999999909,-60.97999999999909,Stop Loss,50106.98,2179.80000000001
2022-10-26 10:00:00-04:00,2022-10-26,M2K,1,1784.5,1790.4,5.800000000000182,-60.24000000000091,Stop Loss,50046.740000000005,2119.560000000012
2022-11-01 10:00:00-04:00,2022-11-01,MNQ,2,11181.55,11165.55,10.0,61.52,Target,50108.26,2181.080000000009
2022-11-01 10:20:00-04:00,2022-11-01,M2K,1,1839.7,1843.1000000000001,3.300000000000182,-35.24000000000091,Stop Loss,50073.020000000004,2145.840000000011
2022-11-04 11:40:00-04:00,2022-11-04,M2K,1,1777.8000000000002,1772.8400000000004,3.099999999999909,48.35999999999809,Target,50121.380000000005,2194.2000000000116
2022-11-08 14:20:00-05:00,2022-11-08,MES,2,3803.25,3794.13,5.699999999999818,88.7199999999989,Target,50210.100000000006,2282.920000000013
2022-11-11 11:40:00-05:00,2022-11-11,MNQ,2,11344.15,11355.7,11.300000000001091,-48.68000000000436,Stop Loss,50161.42,2234.2400000000052
2022-11-11 12:10:00-05:00,2022-11-11,MES,2,3951.65,3956.7,4.799999999999727,-52.97999999999727,Stop Loss,50108.44,2181.2600000000093
2022-11-15 09:55:00-05:00,2022-11-15,M2K,1,1876.0,1878.9,2.800000000000182,-30.240000000000908,Stop Loss,50078.200000000004,2151.0200000000114
2022-11-15 14:15:00-05:00,2022-11-15,MNQ,2,11541.75,11564.0,22.0,-91.48,Stop Loss,49986.72,2059.540000000008
2022-11-18 09:50:00-05:00,2022-11-18,MNQ,2,11418.75,11441.0,22.0,-91.48,Stop Loss,49895.24,1968.060000000005
2022-11-18 10:20:00-05:00,2022-11-18,MES,2,3947.95,3953.2,5.0,-54.98,Stop Loss,49840.259999999995,1913.0800000000017
2022-11-22 09:55:00-05:00,2022-11-22,MES,2,3956.35,3959.6,3.0,-34.98,Stop Loss,49805.27999999999,1878.0999999999985
2022-11-23 13:20:00-05:00,2022-11-23,MES,2,3999.7,4002.95,3.0,-34.98,Stop Loss,49770.29999999999,1843.1199999999953
2022-12-08 12:50:00-05:00,2022-12-08,MES,2,3953.15,3958.45,5.049999999999727,-55.47999999999727,Stop Loss,49714.81999999999,1787.6399999999994
2022-12-13 12:45:00-05:00,2022-12-13,M2K,1,1807.5,1802.3799999999999,3.2000000000000455,49.96000000000118,Target,49764.77999999999,1837.5999999999985
2023-01-17 11:50:00-05:00,2023-01-17,MNQ,2,11241.75,11252.0,10.0,-43.48,Stop Loss,49721.29999999999,1794.1199999999953
2023-01-20 11:00:00-05:00,2023-01-20,M2K,1,1828.7,1831.4,2.6000000000001364,-28.240000000000453,Stop Loss,49693.05999999999,1765.8799999999974
2023-01-26 13:05:00-05:00,2023-01-26,M2K,1,1874.15,1870.63,2.2000000000000455,33.959999999999816,Target,49727.01999999999,1799.8399999999965
2023-02-02 10:15:00-05:00,2023-02-02,M2K,1,1960.5,1965.0,4.400000000000091,-46.24,Stop Loss,49680.77999999999,1753.5999999999985
2023-02-23 10:25:00-05:00,2023-02-23,MES,2,4007.75,4012.3,4.300000000000182,-47.980000000001816,Stop Loss,49632.79999999999,1705.6199999999953
2023-03-09 11:20:00-05:00,2023-03-09,MES,2,3996.55,3999.8,3.0,-34.98,Stop Loss,49597.819999999985,1670.6399999999921
2023-03-14 14:40:00-04:00,2023-03-14,M2K,1,1762.9,1759.2200000000003,2.2999999999999545,35.55999999999836,Target,49633.37999999998,1706.1999999999898
2023-03-22 13:05:00-04:00,2023-03-22,MNQ,2,12427.75,12411.75,10.0,61.52,Target,49694.89999999998,1767.7199999999866
2023-03-29 11:35:00-04:00,2023-03-29,M2K,1,1744.1000000000001,1746.2,2.0,-22.23999999999909,Stop Loss,49672.65999999998,1745.4799999999886
2023-03-30 12:30:00-04:00,2023-03-30,M2K,1,1753.8000000000002,1750.6000000000001,2.0,30.760000000000456,Target,49703.419999999984,1776.2399999999907
2023-04-03 13:00:00-04:00,2023-04-03,MES,2,4096.2,4091.3999999999996,3.0,45.52000000000182,Target,49748.93999999999,1821.7599999999948
2023-04-11 10:35:00-04:00,2023-04-11,MES,2,4098.2,4093.3999999999996,3.0,45.52000000000182,Target,49794.45999999999,1867.2799999999988
2023-04-12 10:25:00-04:00,2023-04-12,M2K,1,1777.8000000000002,1773.5600000000004,2.6499999999998636,41.159999999997815,Target,49835.61999999999,1908.439999999995
2023-04-18 10:25:00-04:00,2023-04-18,MES,2,4142.15,4137.349999999999,3.0,45.52000000000182,Target,49881.13999999999,1953.9599999999991
2023-04-24 10:10:00-04:00,2023-04-24,MES,2,4125.65,4129.2,3.300000000000182,-37.980000000001816,Stop Loss,49843.15999999999,1915.979999999996
2023-05-01 11:55:00-04:00,2023-05-01,MES,2,4157.25,4163.3,5.800000000000182,-62.980000000001816,Stop Loss,49780.179999999986,1852.9999999999927
2023-05-01 13:30:00-04:00,2023-05-01,M2K,1,1757.3000000000002,1753.9400000000003,2.099999999999909,32.359999999999,Target,49812.539999999986,1885.3599999999933
2023-05-10 10:35:00-04:00,2023-05-10,M2K,1,1741.5,1738.3,2.0,30.760000000000456,Target,49843.29999999999,1916.1199999999953
2023-05-10 14:00:00-04:00,2023-05-10,MNQ,2,12910.15,12920.4,10.0,-43.48,Stop Loss,49799.819999999985,1872.6399999999921
2023-05-12 10:30:00-04:00,2023-05-12,MES,2,4122.65,4117.849999999999,3.0,45.52000000000182,Target,49845.33999999999,1918.1599999999962
2023-05-18 14:15:00-04:00,2023-05-18,MES,2,4156.1,4159.35,3.0,-34.98,Stop Loss,49810.359999999986,1883.179999999993
2023-05-19 10:35:00-04:00,2023-05-19,M2K,1,1774.5500000000002,1771.3500000000001,2.0,30.760000000000456,Target,49841.11999999999,1913.939999999995
2023-05-19 11:25:00-04:00,2023-05-19,MES,2,4195.15,4186.509999999998,5.400000000000546,83.92000000001237,Target,49925.04,1997.8600000000079
2023-05-25 10:25:00-04:00,2023-05-25,MES,2,4126.65,4132.6,5.700000000000728,-61.98000000000727,Stop Loss,49863.05999999999,1935.8799999999974
2023-05-30 12:40:00-04:00,2023-05-30,MES,2,4206.25,4196.17,6.300000000000182,98.31999999999927,Target,49961.37999999999,2034.199999999997
2023-06-05 10:35:00-04:00,2023-06-05,MNQ,2,14212.15,14234.4,22.0,-91.48,Stop Loss,49869.89999999999,1942.719999999994
2023-06-07 10:10:00-04:00,2023-06-07,MNQ,2,14224.95,14235.2,10.0,-43.48,Stop Loss,49826.419999999984,1899.2399999999907
2023-06-07 10:50:00-04:00,2023-06-07,MES,2,4280.95,4271.83,5.699999999999818,88.7199999999989,Target,49915.139999999985,1987.9599999999919
2023-06-09 12:10:00-04:00,2023-06-09,MES,2,4293.35,4297.65,4.049999999999272,-45.47999999999272,Stop Loss,49869.65999999999,1942.479999999996
2023-06-13 10:30:00-04:00,2023-06-13,MNQ,2,14437.35,14451.7,14.100000000000364,-59.88000000000145,Stop Loss,49809.779999999984,1882.5999999999913
2023-06-14 14:00:00-04:00,2023-06-14,MES,2,4372.6,4367.8,3.0,45.52000000000182,Target,49855.29999999999,1928.1199999999953
2023-07-14 10:45:00-04:00,2023-07-14,MES,2,4503.45,4497.13,3.949999999999818,60.71999999999709,Target,49916.01999999998,1988.8399999999892
2023-07-31 09:55:00-04:00,2023-07-31,MES,2,4576.6,4569.640000000001,4.349999999999454,67.11999999999126,Target,49983.13999999997,2055.9599999999773
2023-08-10 11:20:00-04:00,2023-08-10,MES,2,4488.4,4482.4,3.75,57.52,Target,50040.65999999997,2113.479999999974
2023-08-22 12:10:00-04:00,2023-08-22,MES,2,4395.75,4382.95,8.0,125.52000000000182,Target,50166.17999999997,2238.999999999978
2023-08-28 10:50:00-04:00,2023-08-28,MNQ,2,14616.95,14593.75,14.5,90.3200000000029,Target,50256.49999999997,2329.319999999978
2023-08-31 09:50:00-04:00,2023-08-31,M2K,1,1894.0,1897.0,2.800000000000182,-31.24,Stop Loss,50225.25999999997,2298.07999999998
2023-09-11 10:20:00-04:00,2023-09-11,MES,2,4470.6,4473.85,3.0,-34.98,Stop Loss,50190.27999999997,2263.0999999999767
2023-09-11 11:25:00-04:00,2023-09-11,MNQ,2,14980.95,14999.45,15.299999999999272,-76.48,Stop Loss,50113.79999999997,2186.6199999999735
2023-09-11 13:25:00-04:00,2023-09-11,M2K,1,1847.2,1849.3,2.0,-22.23999999999909,Stop Loss,50091.55999999997,2164.3799999999756
2023-09-14 09:55:00-04:00,2023-09-14,M2K,1,1848.0,1851.0,2.900000000000091,-31.24,Stop Loss,50060.31999999997,2133.1399999999776
2023-09-29 12:15:00-04:00,2023-09-29,MNQ,2,14380.95,14403.2,22.0,-91.48,Stop Loss,49968.83999999997,2041.6599999999744
2023-10-30 10:10:00-04:00,2023-10-30,MES,2,4144.55,4139.75,3.0,45.52000000000182,Target,50014.35999999997,2087.1799999999785
2023-11-06 10:35:00-05:00,2023-11-06,MNQ,2,14741.75,14764.0,22.0,-91.48,Stop Loss,49922.87999999997,1995.6999999999753
2023-11-15 12:25:00-05:00,2023-11-15,MES,2,4497.95,4501.3,3.100000000000364,-35.980000000003635,Stop Loss,49886.899999999965,1959.719999999972
2023-11-15 12:40:00-05:00,2023-11-15,MNQ,2,15447.15,15431.15,10.0,61.52,Target,49948.41999999996,2021.2399999999689
2023-11-22 11:50:00-05:00,2023-11-22,M2K,1,1783.8500000000001,1785.95,2.0,-22.23999999999909,Stop Loss,49926.179999999964,1998.999999999971
2023-11-29 10:50:00-05:00,2023-11-29,MES,2,4561.35,4567.15,5.549999999999272,-60.47999999999272,Stop Loss,49865.69999999997,1938.519999999975
2023-12-06 10:20:00-05:00,2023-12-06,MNQ,2,15529.75,15495.029999999999,21.700000000000728,136.40000000000467,Target,50002.09999999997,2074.9199999999764
2023-12-06 11:10:00-05:00,2023-12-06,M2K,1,1860.95,1863.5,2.4500000000000455,-26.739999999999544,Stop Loss,49975.35999999997,2048.1799999999785
2023-12-08 11:40:00-05:00,2023-12-08,MES,2,4585.35,4579.110000000001,3.899999999999636,59.91999999999782,Target,50035.27999999997,2108.0999999999767
2023-12-13 10:10:00-05:00,2023-12-13,MES,2,4643.75,4647.0,3.0,-34.98,Stop Loss,50000.29999999997,2073.1199999999735
2023-12-14 11:30:00-05:00,2023-12-14,MNQ,2,16129.35,16153.85,22.0,-100.48,Stop Loss,49899.81999999996,1972.6399999999703
2023-12-19 10:10:00-05:00,2023-12-19,MNQ,2,16317.75,16328.0,10.0,-43.48,Stop Loss,49856.33999999996,1929.159999999967
2023-12-28 10:25:00-05:00,2023-12-28,MNQ,2,16470.55,16480.8,10.0,-43.48,Stop Loss,49812.85999999996,1885.679999999964
2024-01-10 11:45:00-05:00,2024-01-10,MES,2,4747.55,4750.8,3.0,-34.98,Stop Loss,49777.879999999954,1850.6999999999607
2024-01-12 09:55:00-05:00,2024-01-12,MES,2,4779.45,4772.7300000000005,4.199999999999818,64.71999999999345,Target,49842.59999999995,1915.4199999999546
2024-01-18 10:00:00-05:00,2024-01-18,M2K,1,1894.8000000000002,1900.1000000000001,5.2000000000000455,-54.23999999999955,Stop Loss,49788.35999999995,1861.1799999999566
2024-01-18 13:30:00-05:00,2024-01-18,MES,2,4727.15,4730.4,3.0,-34.98,Stop Loss,49753.37999999995,1826.1999999999534
2024-01-22 13:25:00-05:00,2024-01-22,MNQ,2,16872.15,16848.310000000005,14.899999999997817,92.87999999998603,Target,49846.25999999993,1919.0799999999363
2024-01-26 11:45:00-05:00,2024-01-26,MES,2,4881.95,4885.2,3.0,-34.98,Stop Loss,49811.279999999926,1884.099999999933
2024-02-06 12:00:00-05:00,2024-02-06,M2K,1,1929.8500000000001,1931.95,2.0,-22.23999999999909,Stop Loss,49789.03999999993,1861.859999999935
2024-02-14 11:20:00-05:00,2024-02-14,MES,2,4955.75,4961.2,5.199999999999818,-56.97999999999818,Stop Loss,49732.05999999993,1804.8799999999392
2024-02-23 13:10:00-05:00,2024-02-23,MES,2,5083.85,5087.1,3.0,-34.98,Stop Loss,49697.07999999993,1769.899999999936
2024-02-29 14:25:00-05:00,2024-02-29,M2K,1,2038.0,2034.8,2.0,30.760000000000456,Target,49727.83999999993,1800.659999999938
2024-03-01 10:05:00-05:00,2024-03-01,MES,2,5087.3,5095.55,8.0,-84.98,Stop Loss,49642.85999999993,1715.6799999999348
2024-03-04 10:35:00-05:00,2024-03-04,M2K,1,2062.75,2064.85,2.0,-22.23999999999909,Stop Loss,49620.61999999993,1693.4399999999368
2024-03-08 11:30:00-05:00,2024-03-08,MES,2,5152.75,5142.030000000001,6.699999999999818,104.71999999999345,Target,49725.339999999924,1798.1599999999307
2024-03-08 11:45:00-05:00,2024-03-08,M2K,1,2079.15,2075.9500000000003,2.0,30.759999999998183,Target,49756.09999999992,1828.9199999999255
2024-03-18 12:50:00-04:00,2024-03-18,MNQ,2,17550.55,17525.429999999997,15.700000000000728,98.00000000001047,Target,49854.099999999926,1926.9199999999328
2024-03-26 11:55:00-04:00,2024-03-26,MNQ,2,17848.15,17859.05,10.0,-46.079999999991266,Stop Loss,49808.01999999993,1880.8399999999383
2024-03-26 15:25:00-04:00,2024-03-26,MES,2,5208.25,5203.45,3.0,45.52000000000182,Target,49853.539999999935,1926.3599999999424
2024-04-29 10:10:00-04:00,2024-04-29,MES,2,5097.1,5100.65,3.2999999999992724,-37.97999999999272,Stop Loss,49815.55999999994,1888.3799999999464
2024-04-29 10:20:00-04:00,2024-04-29,MNQ,2,17296.35,17306.6,10.0,-43.48,Stop Loss,49772.079999999936,1844.8999999999432
2024-05-07 14:40:00-04:00,2024-05-07,MES,2,5165.45,5170.1,4.400000000000546,-48.980000000005454,Stop Loss,49723.09999999993,1795.91999999994
2024-05-10 10:00:00-04:00,2024-05-10,M2K,1,2060.1,2056.9,2.0,30.759999999998183,Target,49753.85999999993,1826.6799999999348
2024-05-10 11:20:00-04:00,2024-05-10,MNQ,2,17650.75,17664.7,13.700000000000728,-58.28000000000291,Stop Loss,49695.57999999992,1768.3999999999287
2024-05-10 13:25:00-04:00,2024-05-10,MES,2,5205.05,5200.25,3.0,45.52000000000182,Target,49741.099999999926,1813.9199999999328
2024-05-16 15:00:00-04:00,2024-05-16,MES,2,5296.4,5301.4,4.75,-52.48,Stop Loss,49688.61999999992,1761.4399999999296
2024-05-28 10:45:00-04:00,2024-05-28,M2K,1,2054.75,2057.2,2.349999999999909,-25.73999999999818,Stop Loss,49662.879999999925,1735.6999999999316
2024-06-03 10:30:00-04:00,2024-06-03,M2K,1,2060.5,2051.94,5.349999999999909,84.35999999999946,Target,49747.239999999925,1820.0599999999322
2024-06-03 10:45:00-04:00,2024-06-03,MES,2,5272.6,5265.160000000001,4.649999999999636,71.919999999996,Target,49819.15999999992,1891.9799999999304
2024-06-06 10:10:00-04:00,2024-06-06,MES,2,5346.35,5349.6,3.0,-34.98,Stop Loss,49784.17999999992,1856.9999999999272
2024-06-20 12:20:00-04:00,2024-06-20,MES,2,5483.75,5478.95,3.0,45.52000000000182,Target,49829.699999999924,1902.5199999999313
2024-06-26 10:00:00-04:00,2024-06-26,MNQ,2,19172.15,19194.4,22.0,-91.48,Stop Loss,49738.21999999992,1811.039999999928
2024-06-27 11:25:00-04:00,2024-06-27,MNQ,2,19234.95,19210.47,15.299999999999272,95.43999999999825,Target,49833.659999999916,1906.4799999999232
2024-06-28 13:30:00-04:00,2024-06-28,MES,2,5467.7,5462.9,3.0,45.52000000000182,Target,49879.17999999992,1951.9999999999272
2024-06-28 14:45:00-04:00,2024-06-28,M2K,1,2021.4,2023.95,2.4500000000000455,-26.739999999999544,Stop Loss,49852.43999999992,1925.2599999999293
2024-07-03 11:40:00-04:00,2024-07-03,M2K,1,2021.5500000000002,2018.3500000000001,2.0,30.760000000000456,Target,49883.199999999924,1956.0199999999313
2024-07-08 11:20:00-04:00,2024-07-08,MNQ,2,19852.15,19876.25,22.0,-98.87999999999418,Stop Loss,49784.31999999993,1857.139999999934
2024-07-09 12:00:00-04:00,2024-07-09,MES,2,5562.0,5565.35,3.0,-35.980000000003635,Stop Loss,49748.339999999924,1821.1599999999307
2024-07-10 11:20:00-04:00,2024-07-10,MES,2,5570.9,5574.15,3.0,-34.98,Stop Loss,49713.35999999992,1786.1799999999275
2024-07-23 14:00:00-04:00,2024-07-23,MES,2,5550.75,5554.0,3.0,-34.98,Stop Loss,49678.37999999992,1751.1999999999243
2024-07-26 10:30:00-04:00,2024-07-26,M2K,1,2237.8,2228.7600000000007,5.649999999999636,89.1599999999951,Target,49767.53999999991,1840.3599999999205
2024-08-07 11:30:00-04:00,2024-08-07,MNQ,2,17868.55,17885.3,16.5,-69.48,Stop Loss,49698.05999999991,1770.8799999999173
2024-08-07 11:40:00-04:00,2024-08-07,MES,2,5294.95,5288.2300000000005,4.199999999999818,64.71999999999345,Target,49762.779999999904,1835.5999999999112
2024-08-19 10:00:00-04:00,2024-08-19,MES,2,5548.95,5552.2,3.0,-34.98,Stop Loss,49727.7999999999,1800.619999999908
2024-08-26 10:15:00-04:00,2024-08-26,MES,2,5626.95,5616.389999999999,6.600000000000364,103.120000000004,Target,49830.919999999904,1903.7399999999107
2024-09-10 10:20:00-04:00,2024-09-10,MNQ,2,18208.55,18226.9,18.100000000002183,-75.88000000000874,Stop Loss,49755.03999999989,1827.8599999998987
2024-09-12 11:45:00-04:00,2024-09-12,MNQ,2,18770.55,18744.149999999998,16.5,103.12000000000582,Target,49858.159999999894,1930.9799999999013
2024-09-16 12:10:00-04:00,2024-09-16,M2K,1,2170.9,2167.7000000000003,2.0,30.759999999998183,Target,49888.91999999989,1961.739999999896
2024-09-17 12:40:00-04:00,2024-09-17,MNQ,2,18939.35,18915.509999999995,14.900000000001455,92.88000000001513,Target,49981.7999999999,2054.619999999908
2024-09-24 10:00:00-04:00,2024-09-24,MNQ,2,19347.35,19315.829999999998,19.700000000000728,123.60000000000174,Target,50105.3999999999,2178.2199999999066
2024-09-25 10:50:00-04:00,2024-09-25,MES,2,5712.1,5707.3,3.0,45.52000000000182,Target,50150.919999999904,2223.7399999999107
2024-09-25 12:45:00-04:00,2024-09-25,MNQ,2,19451.15,19435.15,10.0,61.52,Target,50212.4399999999,2285.2599999999074
2024-09-26 11:50:00-04:00,2024-09-26,MES,2,5717.05,5720.35,3.050000000000182,-35.480000000001816,Stop Loss,50176.9599999999,2249.7799999999042
2024-09-27 12:35:00-04:00,2024-09-27,M2K,1,2209.2000000000003,2211.3,2.0,-22.23999999999909,Stop Loss,50154.7199999999,2227.5399999999063
2024-10-04 10:55:00-04:00,2024-10-04,MES,2,5696.3,5700.2,3.649999999999636,-41.47999999999636,Stop Loss,50113.2399999999,2186.0599999999104
2024-10-04 12:20:00-04:00,2024-10-04,MNQ,2,19375.35,19388.5,12.900000000001455,-55.08000000000582,Stop Loss,50058.159999999894,2130.9799999999013
2024-10-17 14:45:00-04:00,2024-10-17,MES,2,5826.55,5830.1,3.300000000000182,-37.980000000001816,Stop Loss,50020.17999999989,2092.999999999898
2024-10-25 10:05:00-04:00,2024-10-25,M2K,1,2208.5,2212.25,3.650000000000091,-38.74,Stop Loss,49981.43999999989,2054.2599999999
2024-10-25 13:40:00-04:00,2024-10-25,MES,2,5797.65,5792.209999999999,3.4000000000005457,51.920000000005096,Target,50033.3599999999,2106.1799999999057
2024-11-22 11:20:00-05:00,2024-11-22,MES,2,5947.25,5939.25,5.0,77.52,Target,50110.879999999896,2183.6999999999025
2024-11-25 12:55:00-05:00,2024-11-25,MES,2,5960.05,5965.9,5.599999999999454,-60.97999999999454,Stop Loss,50049.8999999999,2122.7199999999066
2024-11-25 14:20:00-05:00,2024-11-25,MNQ,2,20248.95,20226.390000000003,14.099999999998545,87.75999999999068,Target,50137.65999999989,2210.479999999894
2024-11-27 10:30:00-05:00,2024-11-27,M2K,1,2414.6,2410.7599999999998,2.400000000000091,37.16000000000145,Target,50174.81999999989,2247.6399999998976
2024-12-02 14:30:00-05:00,2024-12-02,MES,2,6031.65,6034.9,3.0,-34.98,Stop Loss,50139.83999999989,2212.6599999998944
2024-12-13 11:25:00-05:00,2024-12-13,MNQ,2,21142.15,21114.47,17.299999999999272,108.24000000000116,Target,50248.079999999885,2320.8999999998923
2024-12-31 12:20:00-05:00,2024-12-31,M2K,1,2215.7000000000003,2207.3800000000006,5.199999999999818,81.9599999999971,Target,50330.039999999884,2402.8599999998914
2025-01-02 12:10:00-05:00,2025-01-02,M2K,1,2228.8,2233.5,4.599999999999909,-48.23999999999818,Stop Loss,50281.79999999989,2354.6199999998935
2025-01-14 11:40:00-05:00,2025-01-14,MES,2,5809.35,5796.55,8.0,125.52000000000182,Target,50407.31999999989,2480.1399999998976
2025-01-14 12:10:00-05:00,2025-01-14,M2K,1,2174.0,2176.5,2.400000000000091,-26.24,Stop Loss,50381.07999999989,2453.8999999998996
2025-01-24 11:10:00-05:00,2025-01-24,MES,2,6091.05,6096.85,5.550000000000182,-60.480000000001816,Stop Loss,50320.59999999989,2393.4199999998964
2025-01-30 10:10:00-05:00,2025-01-30,MNQ,2,20892.55,20908.1,15.299999999999272,-64.6799999999971,Stop Loss,50255.91999999989,2328.739999999896
2025-01-30 10:25:00-05:00,2025-01-30,MES,2,6037.35,6030.950000000001,4.0,61.519999999996365,Target,50317.439999999886,2390.259999999893
2025-01-31 14:00:00-05:00,2025-01-31,MES,2,6059.75,6049.030000000001,6.699999999999818,104.71999999999345,Target,50422.15999999988,2478.219999999994
2025-02-06 10:00:00-05:00,2025-02-06,M2K,1,2293.0,2295.6,2.5,-27.23999999999909,Stop Loss,50394.91999999988,2450.979999999996
2025-02-14 11:25:00-05:00,2025-02-14,M2K,1,2262.2000000000003,2264.3,2.0,-22.23999999999909,Stop Loss,50372.679999999884,2428.739999999998
2025-02-14 13:30:00-05:00,2025-02-14,MES,2,6099.0,6102.25,3.0,-34.98,Stop Loss,50337.69999999988,2393.7599999999948
2025-02-18 10:00:00-05:00,2025-02-18,MNQ,2,21540.15,21515.030000000006,15.69999999999709,97.99999999998137,Target,50435.69999999986,2402.1999999999753
2025-03-03 09:55:00-05:00,2025-03-03,MNQ,2,20330.95,20295.75,22.0,138.32000000000292,Target,50574.01999999986,2260.1200000000026
2025-03-03 10:35:00-05:00,2025-03-03,M2K,1,2144.4,2139.44,3.099999999999909,48.36000000000036,Target,50622.37999999986,2308.480000000003
2025-03-14 10:20:00-04:00,2025-03-14,MNQ,2,18988.15,18952.95,22.0,138.32000000000292,Target,50760.69999999986,2415.3199999999997
2025-03-17 10:55:00-04:00,2025-03-17,MNQ,2,19209.35,19174.149999999998,22.0,138.32000000000292,Target,50899.01999999986,2455.3199999999997
2025-04-14 12:55:00-04:00,2025-04-14,M2K,1,1847.15,1841.5500000000002,3.5,54.75999999999909,Target,50953.77999999986,2493.260000000002
2025-04-28 10:20:00-04:00,2025-04-28,MES,2,5511.9,5515.15,3.0,-34.98,Stop Loss,50918.79999999986,2449.520000000004
2025-05-01 12:25:00-04:00,2025-05-01,M2K,1,1953.5,1955.6,2.0,-22.23999999999909,Stop Loss,50896.55999999986,2427.280000000006
2025-05-02 10:00:00-04:00,2025-05-02,MES,2,5635.95,5640.5,4.300000000000182,-47.980000000001816,Stop Loss,50848.579999999856,2379.300000000003
2025-05-08 11:05:00-04:00,2025-05-08,MES,2,5627.05,5635.3,8.0,-84.98,Stop Loss,50763.59999999985,2294.3199999999997
2025-05-14 10:25:00-04:00,2025-05-14,MNQ,2,20676.95,20696.5,19.299999999999272,-80.6799999999971,Stop Loss,50682.91999999985,2213.6399999999994
2025-05-16 10:20:00-04:00,2025-05-16,M2K,1,2082.7000000000003,2084.8,2.0,-22.23999999999909,Stop Loss,50660.679999999855,2191.4000000000015
2025-05-28 14:05:00-04:00,2025-05-28,MNQ,2,20860.95,20873.3,12.099999999998545,-51.879999999994176,Stop Loss,50608.79999999986,2139.520000000004
2025-06-04 10:00:00-04:00,2025-06-04,MNQ,2,21144.35,21128.35,10.0,61.52,Target,50670.319999999854,2201.040000000001
2025-06-04 10:25:00-04:00,2025-06-04,MES,2,5966.35,5974.5,7.899999999999636,-83.97999999999637,Stop Loss,50586.33999999986,2117.060000000005
2025-06-11 10:00:00-04:00,2025-06-11,MNQ,2,21385.75,21400.3,14.299999999999272,-60.67999999999709,Stop Loss,50525.65999999986,2056.3800000000047
2025-06-11 12:10:00-04:00,2025-06-11,MES,2,6033.55,6025.710000000001,4.899999999999636,75.91999999999236,Target,50601.57999999985,2132.2999999999956
2025-06-25 10:40:00-04:00,2025-06-25,MES,2,6076.45,6079.7,3.0,-34.98,Stop Loss,50566.599999999846,2097.3199999999924
2025-06-30 10:10:00-04:00,2025-06-30,MES,2,6161.15,6167.3,5.900000000000546,-63.980000000005454,Stop Loss,50502.61999999984,2033.3399999999892
2025-06-30 13:45:00-04:00,2025-06-30,MNQ,2,21996.15,22006.4,10.0,-43.48,Stop Loss,50459.13999999984,1989.859999999986
2025-07-09 10:55:00-04:00,2025-07-09,MES,2,6220.15,6212.229999999999,4.950000000000728,76.72000000000982,Target,50535.85999999985,2066.5799999999945
2025-07-09 12:00:00-04:00,2025-07-09,MNQ,2,22150.55,22161.9,11.100000000002183,-47.88000000000873,Stop Loss,50487.979999999836,2018.6999999999825
2025-07-09 12:50:00-04:00,2025-07-09,M2K,1,2219.9500000000003,2223.35,3.299999999999727,-35.239999999996364,Stop Loss,50452.73999999984,1983.4599999999846
2025-07-18 10:20:00-04:00,2025-07-18,M2K,1,2241.4,2236.28,3.199999999999818,49.95999999999891,Target,50502.69999999984,2033.4199999999837
2025-07-24 13:05:00-04:00,2025-07-24,MES,2,6347.75,6351.2,3.0,-36.97999999999818,Stop Loss,50465.71999999984,1996.4399999999878
2025-07-28 10:05:00-04:00,2025-07-28,MES,2,6372.05,6376.9,4.550000000000182,-50.97999999999454,Stop Loss,50414.739999999845,1945.4599999999919
2025-07-28 11:25:00-04:00,2025-07-28,M2K,1,2243.4,2237.0,4.0,62.76000000000091,Target,50477.49999999985,2008.219999999994
2025-07-28 13:30:00-04:00,2025-07-28,MNQ,2,22704.95,22715.2,10.0,-43.48,Stop Loss,50434.019999999844,1964.7399999999907
2025-07-29 11:25:00-04:00,2025-07-29,MNQ,2,22747.15,22712.75,21.5,135.12000000000583,Target,50569.13999999985,2099.8599999999933
2025-08-05 10:10:00-04:00,2025-08-05,MNQ,2,22594.55,22616.8,22.0,-91.48,Stop Loss,50477.65999999984,2008.37999999999
2025-08-05 10:30:00-04:00,2025-08-05,M2K,1,2196.3,2193.1000000000004,2.0,30.759999999998183,Target,50508.41999999984,2039.1399999999849
2025-08-07 10:20:00-04:00,2025-08-07,M2K,1,2207.6,2201.84,3.599999999999909,56.35999999999763,Target,50564.77999999984,2095.4999999999854
2025-08-07 13:15:00-04:00,2025-08-07,MNQ,2,22707.35,22691.35,10.0,61.52,Target,50626.299999999836,2157.0199999999822
2025-08-11 13:15:00-04:00,2025-08-11,MES,2,6374.75,6369.63,3.199999999999818,48.71999999999891,Target,50675.01999999984,2205.7399999999834
2025-08-28 15:50:00-04:00,2025-08-28,M2K,1,2359.4,2365.1,5.599999999999909,-58.23999999999818,Stop Loss,50616.77999999984,2147.4999999999854
2025-09-03 12:00:00-04:00,2025-09-03,M2K,1,2339.5,2330.8599999999997,5.400000000000091,85.16000000000328,Target,50701.93999999984,2232.659999999989
2025-09-03 13:00:00-04:00,2025-09-03,MES,2,6417.85,6421.4,3.2999999999992724,-37.97999999999272,Stop Loss,50663.959999999846,2194.679999999993
2025-09-04 10:20:00-04:00,2025-09-04,MES,2,6439.1,6445.0,5.649999999999636,-61.47999999999636,Stop Loss,50602.47999999985,2133.199999999997
2025-09-05 14:30:00-04:00,2025-09-05,M2K,1,2365.9,2368.0,2.0,-22.23999999999909,Stop Loss,50580.23999999985,2110.959999999999
2025-09-12 09:55:00-04:00,2025-09-12,MNQ,2,23386.75,23397.5,10.5,-45.48,Stop Loss,50534.75999999985,2065.479999999996
2025-09-16 10:20:00-04:00,2025-09-16,MNQ,2,23663.35,23675.7,12.100000000002183,-51.88000000000873,Stop Loss,50482.87999999984,2013.599999999984
2025-09-23 13:40:00-04:00,2025-09-23,M2K,1,2446.3,2439.7400000000002,4.099999999999909,64.35999999999946,Target,50547.23999999984,2077.9599999999846
2025-09-29 09:55:00-04:00,2025-09-29,M2K,1,2412.9,2418.2,5.199999999999818,-54.23999999999727,Stop Loss,50492.99999999984,2023.7199999999866
2025-10-02 10:45:00-04:00,2025-10-02,MES,2,6690.45,6681.009999999999,5.900000000000546,91.92000000000509,Target,50584.919999999845,2115.639999999992
2025-10-02 11:00:00-04:00,2025-10-02,MNQ,2,24143.35,24125.269999999993,11.30000000000291,69.84000000002153,Target,50654.759999999864,2185.4800000000105
2025-10-03 10:15:00-04:00,2025-10-03,MES,2,6704.85,6709.3,4.199999999999818,-46.97999999999818,Stop Loss,50607.77999999987,2138.5000000000146
2025-10-07 10:35:00-04:00,2025-10-07,MNQ,2,24364.35,24329.149999999998,22.0,138.32000000000292,Target,50746.09999999987,2276.8200000000143
2025-10-15 12:05:00-04:00,2025-10-15,MES,2,6653.15,6660.45,7.050000000000182,-75.48000000000182,Stop Loss,50670.619999999864,2201.340000000011
2025-10-16 09:55:00-04:00,2025-10-16,MNQ,2,24215.35,24237.6,22.0,-91.48,Stop Loss,50579.13999999986,2109.860000000008
2025-10-29 10:40:00-04:00,2025-10-29,MES,2,6888.35,6883.55,3.0,45.52000000000182,Target,50624.659999999865,2155.380000000012
2025-10-29 12:20:00-04:00,2025-10-29,MNQ,2,25380.15,25390.4,10.0,-43.48,Stop Loss,50581.17999999986,2111.9000000000087
2025-11-12 10:00:00-05:00,2025-11-12,MES,2,6835.15,6839.8,4.400000000000546,-48.980000000005454,Stop Loss,50532.19999999986,2062.9200000000055
2025-12-05 11:25:00-05:00,2025-12-05,MNQ,2,25009.75,25028.5,18.5,-77.48,Stop Loss,50454.719999999856,1985.4400000000023
2025-12-05 11:50:00-05:00,2025-12-05,MES,2,6853.95,6858.3,4.100000000000364,-45.980000000003635,Stop Loss,50408.73999999985,1939.4599999999991
2026-01-06 11:55:00-05:00,2026-01-06,MNQ,2,24824.95,24808.95,10.0,61.52,Target,50470.25999999985,2000.979999999996
2026-01-07 13:30:00-05:00,2026-01-07,MES,2,6921.05,6924.4,3.0999999999994543,-35.97999999999454,Stop Loss,50434.27999999985,1965.0
2026-01-22 11:00:00-05:00,2026-01-22,MES,2,6885.85,6890.3,4.199999999999818,-46.97999999999818,Stop Loss,50387.29999999986,1918.020000000004
2026-01-28 10:20:00-05:00,2026-01-28,MES,2,6964.25,6968.25,3.75,-42.48,Stop Loss,50344.819999999854,1875.5400000000009
2026-01-28 14:50:00-05:00,2026-01-28,M2K,1,2637.2000000000003,2643.3,6.0,-62.23999999999909,Stop Loss,50282.579999999856,1813.300000000003
2026-02-03 10:25:00-05:00,2026-02-03,M2K,1,2634.5,2640.6,6.0,-62.23999999999909,Stop Loss,50220.33999999986,1751.060000000005
2026-02-06 10:05:00-05:00,2026-02-06,M2K,1,2613.1,2617.2,4.0,-42.23999999999909,Stop Loss,50178.09999999986,1708.820000000007
2026-02-18 14:25:00-05:00,2026-02-18,M2K,1,2643.05,2645.2999999999997,2.149999999999636,-23.73999999999545,Stop Loss,50154.35999999986,1685.080000000009
2026-02-20 11:50:00-05:00,2026-02-20,M2K,1,2643.9,2647.2999999999997,3.299999999999727,-35.239999999996364,Stop Loss,50119.119999999864,1649.840000000011
2026-02-25 10:00:00-05:00,2026-02-25,M2K,1,2639.6,2632.56,4.400000000000091,69.15999999999964,Target,50188.27999999986,1719.0000000000073
2026-03-10 14:25:00-04:00,2026-03-10,MNQ,2,24349.35,24371.6,22.0,-91.48,Stop Loss,50096.79999999986,1627.520000000004
2026-03-10 14:30:00-04:00,2026-03-10,MES,2,6793.0,6801.25,8.0,-84.98,Stop Loss,50011.819999999854,1542.5400000000009
2026-03-16 09:55:00-04:00,2026-03-16,M2K,1,2503.9500000000003,2508.0499999999997,3.9999999999995453,-42.239999999994545,Stop Loss,49969.579999999856,1500.300000000003
2026-03-17 11:15:00-04:00,2026-03-17,MES,2,6718.65,6722.45,3.550000000000182,-40.480000000001816,Stop Loss,49929.09999999985,1459.8199999999997
2026-03-17 11:35:00-04:00,2026-03-17,MNQ,2,24135.75,24100.55,22.0,138.32000000000292,Target,50067.41999999985,1598.1399999999994
2026-03-23 11:45:00-04:00,2026-03-23,MNQ,2,23662.55,23634.23,17.700000000000728,110.79999999999883,Target,50178.21999999985,1708.939999999995
2026-03-23 12:05:00-04:00,2026-03-23,MES,2,6564.75,6572.4,7.399999999999636,-78.97999999999637,Stop Loss,50099.23999999985,1629.9599999999991
2026-04-10 10:50:00-04:00,2026-04-10,MES,2,6806.35,6813.5,6.899999999999636,-73.97999999999637,Stop Loss,50025.25999999986,1555.9800000000032
2026-04-29 14:00:00-04:00,2026-04-29,MNQ,2,26370.15,26343.75,16.5,103.12000000000582,Target,50128.37999999986,1659.1000000000058
2026-05-26 12:15:00-04:00,2026-05-26,MES,2,7488.65,7492.0,3.100000000000364,-35.980000000003635,Stop Loss,50092.399999999856,1623.1200000000026
2026-05-27 14:25:00-04:00,2026-05-27,M2K,1,2904.1,2907.6,3.199999999999818,-36.24,Stop Loss,50056.15999999986,1586.8800000000047
2026-06-02 10:35:00-04:00,2026-06-02,M2K,1,2901.0,2907.1,6.0,-62.23999999999909,Stop Loss,49993.91999999986,1524.6400000000067
2026-06-15 11:35:00-04:00,2026-06-15,M2K,1,2955.3,2958.2,2.799999999999727,-30.23999999999636,Stop Loss,49963.67999999986,1494.4000000000087
2026-07-01 14:00:00-04:00,2026-07-01,M2K,1,3008.6,3010.7999999999997,2.099999999999909,-23.23999999999818,Stop Loss,49940.439999999864,1471.1600000000108
2026-08-05 11:15:00-04:00,2026-08-05,MES,2,7730.2,7717.4,8.0,125.52000000000182,Target,50065.95999999987,1596.6800000000148
2026-08-10 11:15:00-04:00,2026-08-10,MES,2,7734.85,7741.6,6.5,-69.98,Stop Loss,49995.979999999865,1526.7000000000116
2026-08-11 10:45:00-04:00,2026-08-11,M2K,1,3012.7000000000003,3014.8,2.0,-22.23999999999909,Stop Loss,49973.73999999987,1504.4600000000137
2026-08-12 10:30:00-04:00,2026-08-12,M2K,1,3018.15,3013.9100000000008,2.649999999999636,41.15999999999327,Target,50014.89999999986,1545.62000000001
2026-08-19 14:00:00-04:00,2026-08-19,MES,2,7693.85,7697.1,3.0,-34.98,Stop Loss,49979.91999999986,1510.6400000000067
2026-08-25 10:15:00-04:00,2026-08-25,MES,2,7651.6,7655.3,3.449999999999818,-39.47999999999818,Stop Loss,49940.439999999864,1471.1600000000108
2026-08-25 10:30:00-04:00,2026-08-25,MNQ,2,28370.95,28393.2,22.0,-91.48,Stop Loss,49848.95999999986,1379.6800000000076
2026-08-28 10:00:00-04:00,2026-08-28,MES,2,7716.45,7724.05,7.350000000000364,-78.48000000000364,Stop Loss,49770.47999999986,1301.2000000000044
2026-08-28 10:05:00-04:00,2026-08-28,MNQ,2,28791.35,28756.149999999998,22.0,138.32000000000292,Target,49908.79999999986,1439.520000000004
2026-09-02 11:40:00-04:00,2026-09-02,M2K,1,2928.35,2930.45,2.0,-22.23999999999909,Stop Loss,49886.55999999986,1417.280000000006
2026-09-02 13:40:00-04:00,2026-09-02,MES,2,7646.05,7649.3,3.0,-34.98,Stop Loss,49851.579999999856,1382.300000000003
2026-09-17 10:20:00-04:00,2026-09-17,MES,2,7610.05,7617.8,7.5,-79.98,Stop Loss,49771.59999999985,1302.3199999999997
2026-09-21 09:50:00-04:00,2026-09-21,M2K,1,2851.9,2854.0,2.0,-22.23999999999909,Stop Loss,49749.359999999855,1280.0800000000017
2026-09-22 11:10:00-04:00,2026-09-22,M2K,1,2864.1,2866.6,2.400000000000091,-26.24,Stop Loss,49723.11999999986,1253.8400000000038
