exit_time,date,contracts,entry_price,exit_price,net_pnl,balance_after,cushion_after
2022-01-04 09:50:00-05:00,2022-01-04,3,16060.55,16030.379999999997,177.30000000001135,50177.30000000001,2486.80000000001
2022-01-12 11:15:00-05:00,2022-01-12,3,15423.35,15445.6,-137.22,50040.08000000001,2288.6800000000003
2022-01-26 10:30:00-05:00,2022-01-26,3,14017.75,14040.0,-137.22,49902.86000000001,2151.459999999999
2022-02-02 10:20:00-05:00,2022-02-02,3,14727.95,14740.75,-80.51999999999563,49822.34000000001,2070.9400000000023
2022-02-25 09:55:00-05:00,2022-02-25,3,13578.95,13548.150000000001,181.07999999999564,50003.420000000006,2252.019999999997
2022-03-22 09:50:00-04:00,2022-03-22,3,14070.95,14040.150000000001,181.07999999999564,50184.5,2433.0999999999913
2022-03-28 10:25:00-04:00,2022-03-28,3,14416.95,14433.15,-100.91999999999345,50083.58000000001,2332.1800000000003
2022-04-12 12:00:00-04:00,2022-04-12,3,13801.15,13770.35,181.07999999999564,50264.66,2485.779999999999
2022-05-17 10:45:00-04:00,2022-05-17,3,12062.15,12031.35,181.07999999999564,50445.74,2454.5799999999945
2022-05-25 09:50:00-04:00,2022-05-25,3,11469.35,11491.6,-137.22,50308.52,2317.3599999999933
2022-06-01 10:15:00-04:00,2022-06-01,3,12394.55,12363.75,181.07999999999564,50489.59999999999,2198.980000000003
2022-06-08 12:20:00-04:00,2022-06-08,3,12414.75,12387.380000000001,160.4999999999939,50650.099999999984,2359.479999999996
2022-07-06 09:50:00-04:00,2022-07-06,3,11436.15,11458.4,-137.22,50512.87999999998,2222.2599999999948
2022-07-18 14:15:00-04:00,2022-07-18,3,11654.95,11677.2,-137.22,50375.65999999998,2085.0399999999936
2022-08-01 13:15:00-04:00,2022-08-01,3,12618.55,12640.8,-137.22,50238.43999999998,1947.8199999999924
2022-08-08 11:35:00-04:00,2022-08-08,3,12941.95,12918.220000000003,138.65999999998647,50377.09999999997,2086.4799999999814
2022-08-11 12:05:00-04:00,2022-08-11,3,13043.35,13029.35,80.28,50457.37999999997,2166.75999999998
2022-08-15 11:00:00-04:00,2022-08-15,3,13217.15,13190.9,153.78,50611.15999999997,2320.539999999979
2022-09-21 14:05:00-04:00,2022-09-21,3,11425.75,11448.0,-137.22,50473.939999999966,2183.319999999978
2022-09-27 10:00:00-04:00,2022-09-27,3,11130.95,11100.150000000001,181.07999999999564,50655.01999999996,2238.5799999999945
2022-11-01 10:00:00-04:00,2022-11-01,3,11176.35,11150.94,148.73999999999913,50803.75999999996,2262.639999999992
2022-11-08 14:15:00-05:00,2022-11-08,3,10707.75,10730.0,-137.22,50666.53999999996,2125.419999999991
2022-11-11 11:40:00-05:00,2022-11-11,3,11344.15,11355.95,-74.52000000000655,50592.01999999995,2050.899999999987
2022-11-15 13:30:00-05:00,2022-11-15,3,11528.15,11497.35,181.07999999999564,50773.09999999995,2231.9799999999814
2022-11-18 09:50:00-05:00,2022-11-18,3,11418.75,11441.0,-137.22,50635.87999999995,2094.75999999998
2022-12-21 10:00:00-05:00,2022-12-21,3,10832.15,10854.4,-137.22,50498.659999999945,1957.539999999979
2023-01-17 11:10:00-05:00,2023-01-17,3,11236.55,11205.75,181.07999999999564,50679.73999999994,2138.6199999999735
2023-01-18 10:40:00-05:00,2023-01-18,3,11286.15,11255.35,181.07999999999564,50860.819999999934,2319.699999999968
2023-02-01 14:35:00-05:00,2023-02-01,3,11720.75,11743.0,-137.22,50723.59999999993,2182.479999999967
2023-02-14 10:45:00-05:00,2023-02-14,3,12127.75,12096.95,181.07999999999564,50904.67999999993,2339.37999999999
2023-02-23 10:45:00-05:00,2023-02-23,3,11835.35,11812.46,133.62000000000742,51038.29999999994,2315.9200000000055
2023-03-17 10:30:00-04:00,2023-03-17,3,12260.55,12229.75,181.07999999999564,51219.37999999993,2363.3800000000047
2023-03-22 13:00:00-04:00,2023-03-22,3,12427.75,12413.75,80.28,51299.65999999993,2443.6600000000035
2023-03-27 10:55:00-04:00,2023-03-27,3,12442.15,12411.35,181.07999999999564,51480.739999999925,2471.3799999999974
2023-04-04 10:25:00-04:00,2023-04-04,3,12796.35,12818.6,-137.22,51343.519999999924,2334.159999999996
2023-04-18 12:25:00-04:00,2023-04-18,3,12740.95,12763.2,-137.22,51206.29999999992,2196.939999999995
2023-04-24 10:35:00-04:00,2023-04-24,3,12675.35,12644.550000000001,181.07999999999564,51387.37999999992,2258.979999999996
2023-05-10 13:55:00-04:00,2023-05-10,3,12893.75,12916.0,-137.22,51250.159999999916,2121.7599999999948
2023-05-12 10:00:00-04:00,2023-05-12,3,13046.15,13015.35,181.07999999999564,51431.23999999991,2302.8399999999892
2023-06-02 10:30:00-04:00,2023-06-02,3,14131.35,14117.35,80.28,51511.51999999991,2383.119999999988
2023-06-05 10:00:00-04:00,2023-06-05,3,14195.15,14217.4,-137.22,51374.29999999991,2245.899999999987
2023-06-07 10:10:00-04:00,2023-06-07,3,14224.95,14235.2,-65.22,51309.07999999991,2180.6799999999857
2023-06-09 12:35:00-04:00,2023-06-09,3,14147.35,14132.300000000001,86.57999999999564,51395.6599999999,2267.25999999998
2023-06-13 10:30:00-04:00,2023-06-13,3,14437.35,14451.95,-91.32000000000218,51304.3399999999,2175.9399999999805
2023-06-28 12:35:00-04:00,2023-06-28,3,14577.75,14559.9,103.38000000000218,51407.71999999991,2279.319999999985
2023-07-05 14:20:00-04:00,2023-07-05,3,14819.75,14789.580000000002,177.29999999998952,51585.019999999895,2426.7999999999884
2023-07-14 13:10:00-04:00,2023-07-14,3,15191.35,15201.6,-65.22,51519.799999999894,2361.579999999987
2023-07-25 11:05:00-04:00,2023-07-25,3,15099.55,15109.8,-65.22,51454.57999999989,2296.359999999986
2023-07-31 09:55:00-04:00,2023-07-31,3,15355.15,15324.35,181.07999999999564,51635.65999999989,2352.5799999999945
2023-08-04 09:50:00-04:00,2023-08-04,3,15044.55,15024.46,116.82000000000087,51752.47999999989,2234.3199999999997
2023-08-22 11:50:00-04:00,2023-08-22,3,14580.55,14566.55,80.28,51832.759999999886,2314.5999999999985
2023-08-28 09:55:00-04:00,2023-08-28,3,14618.35,14638.95,-127.32000000000218,51705.439999999886,2187.279999999999
2023-08-31 12:55:00-04:00,2023-08-31,3,15082.15,15104.4,-137.22,51568.219999999885,2050.0599999999977
2023-09-08 13:15:00-04:00,2023-09-08,3,14909.75,14923.05,-83.51999999999563,51484.69999999989,1966.5400000000009
2023-09-11 10:00:00-04:00,2023-09-11,3,14970.95,14993.2,-137.22,51347.47999999989,1829.3199999999997
2023-09-20 10:10:00-04:00,2023-09-20,3,14818.75,14792.78,152.09999999999607,51499.579999999885,1981.4199999999983
2023-09-29 11:50:00-04:00,2023-09-29,3,14395.35,14376.66,108.42000000000306,51607.99999999989,2089.840000000004
2023-10-10 09:50:00-04:00,2023-10-10,3,14675.75,14689.15,-84.11999999999782,51523.879999999896,2005.7200000000084
2023-10-30 10:30:00-04:00,2023-10-30,3,13913.75,13882.95,181.07999999999564,51704.95999999989,2186.800000000003
2023-11-06 10:35:00-05:00,2023-11-06,3,14741.75,14764.0,-137.22,51567.73999999989,2049.5800000000017
2023-11-08 10:00:00-05:00,2023-11-08,3,14923.75,14892.95,181.07999999999564,51748.81999999988,2230.659999999996
2023-11-09 13:05:00-05:00,2023-11-09,3,14886.95,14856.150000000001,181.07999999999564,51929.89999999988,2411.7399999999907
2023-11-15 13:05:00-05:00,2023-11-15,3,15430.75,15399.95,181.07999999999564,52110.97999999987,2431.779999999999
2023-11-29 11:30:00-05:00,2023-11-29,3,15622.15,15604.3,103.38000000000218,52214.35999999988,2448.8800000000047
2023-12-06 10:20:00-05:00,2023-12-06,3,15529.75,15499.019999999999,180.6600000000083,52395.01999999989,2366.560000000012
2023-12-13 13:15:00-05:00,2023-12-13,3,15970.15,15956.15,80.28,52475.29999999989,2446.840000000011
2023-12-14 11:30:00-05:00,2023-12-14,3,16129.35,16153.85,-150.72,52324.579999999885,2296.12000000001
2023-12-19 10:10:00-05:00,2023-12-19,3,16318.55,16328.8,-65.22,52259.359999999884,2230.9000000000087
2023-12-20 14:30:00-05:00,2023-12-20,3,16370.15,16348.379999999997,126.90000000001353,52386.2599999999,2357.8000000000247
2023-12-22 14:15:00-05:00,2023-12-22,3,16323.95,16301.900000000001,128.57999999999564,52514.839999999895,2456.0799999999945
2023-12-26 10:10:00-05:00,2023-12-26,3,16390.95,16402.75,-74.51999999999563,52440.3199999999,2381.5599999999977
2023-12-28 10:20:00-05:00,2023-12-28,3,16468.15,16478.4,-65.22,52375.0999999999,2316.3399999999965
2024-01-11 10:00:00-05:00,2024-01-11,3,16356.15,16325.35,181.07999999999564,52556.17999999989,2456.179999999891
2024-01-22 10:50:00-05:00,2024-01-22,3,16857.35,16879.6,-137.22,52418.95999999989,2318.95999999989
2024-02-07 10:10:00-05:00,2024-02-07,3,17185.35,17207.6,-137.22,52281.73999999989,2181.739999999889
2024-02-08 14:35:00-05:00,2024-02-08,3,17306.15,17282.7,136.98000000000437,52418.71999999989,2318.719999999892
2024-02-12 13:35:00-05:00,2024-02-12,3,17503.15,17481.660000000003,125.21999999998778,52543.93999999988,2443.9399999998786
2024-02-23 10:15:00-05:00,2024-02-23,3,17555.95,17569.55,-85.31999999999127,52458.619999999886,2358.619999999886
2024-02-29 11:35:00-05:00,2024-02-29,3,17457.55,17426.75,181.07999999999564,52639.69999999988,2539.6999999998807
2024-03-07 09:50:00-05:00,2024-03-07,3,17672.15,17682.4,-65.22,52574.47999999988,2474.4799999998795
2024-03-18 12:10:00-04:00,2024-03-18,3,17546.55,17567.15,-127.3200000000131,52447.159999999865,2347.1599999998652
2024-03-20 11:10:00-04:00,2024-03-20,3,17542.95,17561.35,-114.1199999999869,52333.03999999988,2233.039999999877
2024-03-26 11:55:00-04:00,2024-03-26,3,17848.15,17859.05,-69.1199999999869,52263.91999999989,2163.919999999889
2024-04-01 11:15:00-04:00,2024-04-01,3,17790.15,17759.350000000002,181.07999999999564,52444.99999999988,2344.9999999998836
2024-04-04 14:15:00-04:00,2024-04-04,3,17734.95,17704.15,181.07999999999564,52626.07999999988,2526.079999999878
2024-04-24 11:25:00-04:00,2024-04-24,3,17047.35,17057.6,-65.22,52560.85999999988,2460.859999999877
2024-04-29 10:20:00-04:00,2024-04-29,3,17296.35,17306.6,-65.22,52495.639999999876,2395.6399999998757
2024-05-07 10:35:00-04:00,2024-05-07,3,17607.75,17618.0,-65.22,52430.419999999875,2330.4199999998746
2024-05-10 10:35:00-04:00,2024-05-10,3,17654.55,17666.35,-74.51999999999563,52355.89999999988,2255.8999999998778
2024-05-16 13:30:00-04:00,2024-05-16,3,18120.15,18130.4,-65.22,52290.67999999988,2190.6799999998766
2024-05-22 13:05:00-04:00,2024-05-22,3,18233.35,18247.75,-90.12000000000873,52200.55999999987,2100.5599999998667
2024-05-23 10:55:00-04:00,2024-05-23,3,18282.95,18252.15,181.07999999999564,52381.63999999986,2281.639999999861
2024-06-03 10:45:00-04:00,2024-06-03,3,18124.55,18096.059999999998,167.2200000000096,52548.85999999987,2448.8599999998696
2024-06-06 09:55:00-04:00,2024-06-06,3,18536.75,18505.95,181.07999999999564,52729.939999999864,2629.939999999864
2024-06-07 14:05:00-04:00,2024-06-07,3,18543.35,18512.55,181.07999999999564,52911.01999999986,2811.0199999998586
2024-06-13 12:00:00-04:00,2024-06-13,3,19066.95,19052.460000000003,83.21999999998778,52994.239999999845,2894.239999999845
2024-06-17 10:30:00-04:00,2024-06-17,3,19168.55,19183.55,-93.72,52900.519999999844,2800.519999999844
2024-06-20 10:05:00-04:00,2024-06-20,3,19432.15,19414.020000000004,105.05999999998429,53005.57999999983,2905.579999999827
2024-06-26 10:00:00-04:00,2024-06-26,3,19172.15,19194.4,-137.22,52868.359999999826,2768.359999999826
2024-06-27 10:55:00-04:00,2024-06-27,3,19231.35,19244.05,-79.92000000000436,52788.43999999982,2688.4399999998204
2024-06-28 11:15:00-04:00,2024-06-28,3,19310.15,19326.75,-103.31999999999127,52685.11999999983,2585.119999999828
2024-07-08 11:20:00-04:00,2024-07-08,3,19852.15,19876.25,-148.31999999999127,52536.799999999836,2436.7999999998356
2024-07-09 12:45:00-04:00,2024-07-09,3,19908.15,19883.860000000004,142.0199999999834,52678.81999999982,2578.819999999818
2024-07-10 10:40:00-04:00,2024-07-10,3,19990.15,19973.980000000003,93.29999999998952,52772.119999999806,2672.119999999806
2024-07-22 10:05:00-04:00,2024-07-22,3,19227.75,19196.95,181.07999999999564,52953.1999999998,2853.1999999998006
2024-07-29 10:20:00-04:00,2024-07-29,3,18610.95,18636.65,-157.92000000000436,52795.279999999795,2695.279999999795
2024-08-07 11:25:00-04:00,2024-08-07,3,17868.55,17845.1,136.98000000000437,52932.2599999998,2832.2599999997983
2024-08-12 13:00:00-04:00,2024-08-12,3,18059.75,18028.95,181.07999999999564,53113.33999999979,3013.339999999793
2024-08-14 12:40:00-04:00,2024-08-14,3,18471.35,18440.55,181.07999999999564,53294.41999999979,3194.4199999997873
2024-08-22 10:05:00-04:00,2024-08-22,3,19370.95,19356.95,80.28,53374.699999999786,3274.699999999786
2024-09-10 10:20:00-04:00,2024-09-10,3,18208.55,18227.15,-115.3200000000131,53259.37999999977,3159.379999999772
2024-09-12 11:45:00-04:00,2024-09-12,3,18770.55,18747.1,136.98000000000437,53396.359999999775,3296.359999999775
2024-09-13 10:00:00-04:00,2024-09-13,3,18954.55,18971.85,-107.51999999999563,53288.83999999978,3188.8399999997782
2024-09-17 12:25:00-04:00,2024-09-17,3,18926.55,18948.8,-137.22,53151.61999999978,3051.619999999777
2024-09-24 10:00:00-04:00,2024-09-24,3,19347.35,19319.42,163.86000000000175,53315.47999999978,3215.4799999997776
2024-09-25 11:35:00-04:00,2024-09-25,3,19445.75,19457.15,-72.12000000000873,53243.35999999977,3143.3599999997678
2024-09-26 11:20:00-04:00,2024-09-26,3,19499.35,19468.55,181.07999999999564,53424.43999999976,3324.439999999762
2024-10-04 10:10:00-04:00,2024-10-04,3,19317.75,19340.0,-137.22,53287.21999999976,3187.219999999761
2024-11-25 15:55:00-05:00,2024-11-25,3,20245.75,20268.0,-137.22,53149.99999999976,3049.99999999976
2024-12-13 11:15:00-05:00,2024-12-13,3,21113.35,21135.6,-137.22,53012.77999999976,2912.7799999997587
2025-01-14 11:00:00-05:00,2025-01-14,3,20220.55,20189.75,181.07999999999564,53193.85999999975,3093.859999999753
2025-01-21 09:50:00-05:00,2025-01-21,3,20927.35,20906.699999999997,120.18000000000873,53314.03999999976,3214.0399999997608
2025-01-30 10:10:00-05:00,2025-01-30,3,20892.55,20908.35,-98.51999999999563,53215.519999999764,3115.519999999764
2025-01-31 14:10:00-05:00,2025-01-31,3,21002.55,21024.8,-137.22,53078.29999999976,2978.299999999763
2025-02-06 10:50:00-05:00,2025-02-06,3,21065.35,21087.6,-137.22,52941.07999999976,2841.0799999997616
2025-02-14 10:45:00-05:00,2025-02-14,3,21447.35,21457.6,-65.22,52875.85999999976,2775.8599999997605
2025-02-18 09:50:00-05:00,2025-02-18,3,21521.35,21543.6,-137.22,52738.63999999976,2638.6399999997593
2025-03-03 09:55:00-05:00,2025-03-03,3,20330.95,20300.15,181.07999999999564,52919.719999999754,2819.719999999754
2025-03-14 10:10:00-04:00,2025-03-14,3,18988.15,18957.350000000002,181.07999999999564,53100.79999999975,3000.7999999997483
2025-03-17 10:40:00-04:00,2025-03-17,3,19220.55,19230.8,-65.22,53035.57999999975,2935.579999999747
2025-04-14 12:10:00-04:00,2025-04-14,3,18182.15,18151.350000000002,181.07999999999564,53216.65999999974,3116.6599999997416
2025-05-14 09:55:00-04:00,2025-05-14,3,20666.55,20635.75,181.07999999999564,53397.739999999736,3297.739999999736
2025-05-15 14:25:00-04:00,2025-05-15,3,20740.95,20763.2,-137.22,53260.519999999735,3160.519999999735
2025-05-28 10:55:00-04:00,2025-05-28,3,20849.35,20818.55,181.07999999999564,53441.59999999973,3341.5999999997293
2025-06-04 10:00:00-04:00,2025-06-04,3,21144.35,21130.35,80.28,53521.87999999973,3421.879999999728
2025-06-05 10:35:00-04:00,2025-06-05,3,21145.75,21168.0,-137.22,53384.65999999973,3284.659999999727
2025-06-11 10:00:00-04:00,2025-06-11,3,21385.75,21400.55,-92.51999999999563,53292.13999999973,3192.13999999973
2025-06-20 09:55:00-04:00,2025-06-20,3,21279.35,21248.55,181.07999999999564,53473.219999999725,3373.2199999997247
2025-06-25 12:20:00-04:00,2025-06-25,3,21621.55,21606.219999999998,88.26000000001048,53561.479999999734,3461.479999999734
2025-06-27 14:40:00-04:00,2025-06-27,3,21848.55,21817.75,181.07999999999564,53742.55999999973,3642.5599999997285
2025-06-30 09:55:00-04:00,2025-06-30,3,21983.35,22005.6,-137.22,53605.33999999973,3505.3399999997273
2025-07-09 11:15:00-04:00,2025-07-09,3,22151.75,22132.219999999998,113.46000000001484,53718.79999999974,3618.799999999741
2025-07-18 10:15:00-04:00,2025-07-18,3,22473.55,22442.75,181.07999999999564,53899.879999999735,3799.8799999997354
2025-07-28 13:30:00-04:00,2025-07-28,3,22699.35,22716.35,-105.72,53794.159999999734,3694.1599999997343
2025-07-29 11:25:00-04:00,2025-07-29,3,22747.15,22716.7,178.98000000000437,53973.13999999974,3873.1399999997375
2025-07-31 10:20:00-04:00,2025-07-31,3,22901.75,22872.7,170.57999999999564,54143.71999999973,4043.719999999732
2025-08-05 10:10:00-04:00,2025-08-05,3,22594.55,22616.8,-137.22,54006.49999999973,3906.499999999731
2025-08-07 13:15:00-04:00,2025-08-07,3,22707.35,22693.35,80.28,54086.77999999973,3986.7799999997296
2025-08-13 11:15:00-04:00,2025-08-13,3,23205.35,23174.55,181.07999999999564,54267.859999999724,4167.859999999724
2025-08-28 09:55:00-04:00,2025-08-28,3,22939.35,22908.55,181.07999999999564,54448.93999999972,4348.939999999719
2025-09-03 14:00:00-04:00,2025-09-03,3,22717.55,22696.059999999998,125.2200000000096,54574.15999999973,4474.159999999727
2025-09-10 12:50:00-04:00,2025-09-10,3,23254.55,23265.95,-72.12000000000873,54502.03999999972,4402.039999999717
2025-09-12 09:55:00-04:00,2025-09-12,3,23386.75,23397.75,-69.72,54432.319999999716,4332.319999999716
2025-09-16 11:55:00-04:00,2025-09-16,3,23654.75,23623.95,181.07999999999564,54613.39999999971,4513.39999999971
2025-10-02 11:00:00-04:00,2025-10-02,3,24143.35,24127.179999999993,93.30000000003318,54706.69999999974,4606.699999999742
2025-10-06 10:20:00-04:00,2025-10-06,3,24276.95,24299.2,-137.22,54569.47999999974,4469.479999999741
2025-10-07 10:35:00-04:00,2025-10-07,3,24364.35,24333.55,181.07999999999564,54750.559999999736,4650.559999999736
2025-10-15 11:50:00-04:00,2025-10-15,3,24084.15,24053.350000000002,181.07999999999564,54931.63999999973,4831.63999999973
2025-10-16 09:55:00-04:00,2025-10-16,3,24215.35,24237.6,-137.22,54794.41999999973,4694.419999999729
2025-10-29 12:20:00-04:00,2025-10-29,3,25371.15,25393.4,-137.22,54657.19999999973,4557.199999999728
2025-11-19 11:05:00-05:00,2025-11-19,3,24034.75,24003.95,181.07999999999564,54838.27999999972,4738.279999999722
2025-12-05 11:20:00-05:00,2025-12-05,3,25004.15,25026.4,-137.22,54701.05999999972,4601.059999999721
2025-12-26 10:00:00-05:00,2025-12-26,3,24969.15,24953.260000000002,91.61999999999651,54792.67999999972,4692.6799999997165
2026-01-02 10:15:00-05:00,2026-01-02,3,24721.35,24690.55,181.07999999999564,54973.75999999971,4873.759999999711
2026-01-06 11:35:00-05:00,2026-01-06,3,24828.55,24814.55,80.28,55054.03999999971,4954.03999999971
2026-01-15 14:40:00-05:00,2026-01-15,3,24923.35,24941.55,-112.92000000000436,54941.119999999704,4841.119999999704
2026-01-22 09:50:00-05:00,2026-01-22,3,24744.95,24767.2,-137.22,54803.8999999997,4703.899999999703
2026-01-23 13:00:00-05:00,2026-01-23,3,24873.75,24896.0,-137.22,54666.6799999997,4566.679999999702
2026-03-10 14:25:00-04:00,2026-03-10,3,24349.35,24371.6,-137.22,54529.4599999997,4429.459999999701
2026-03-17 11:15:00-04:00,2026-03-17,3,24152.95,24163.2,-65.22,54464.2399999997,4364.2399999997
2026-03-23 11:45:00-04:00,2026-03-23,3,23662.55,23637.42,147.0600000000061,54611.299999999705,4511.299999999705
2026-03-31 11:35:00-04:00,2026-03-31,3,22681.35,22703.6,-137.22,54474.0799999997,4374.079999999703
2026-04-06 13:20:00-04:00,2026-04-06,3,23414.55,23436.8,-137.22,54336.8599999997,4236.859999999702
2026-04-10 12:10:00-04:00,2026-04-10,3,24418.15,24429.15,-69.72,54267.1399999997,4167.139999999701
2026-04-16 09:55:00-04:00,2026-04-16,3,25415.75,25438.0,-137.22,54129.9199999997,4029.9199999997
2026-04-21 10:55:00-04:00,2026-04-21,3,25921.35,25890.55,181.07999999999564,54310.999999999694,4210.999999999694
2026-04-29 11:15:00-04:00,2026-04-29,3,26365.75,26388.0,-137.22,54173.77999999969,4073.7799999996932
2026-04-30 09:55:00-04:00,2026-04-30,3,26383.15,26352.350000000002,181.07999999999564,54354.85999999969,4254.859999999688
2026-05-11 10:05:00-04:00,2026-05-11,3,28455.75,28470.35,-91.31999999999127,54263.539999999695,4163.539999999695
2026-05-22 10:25:00-04:00,2026-05-22,3,28662.55,28684.8,-137.22,54126.319999999694,4026.319999999694
2026-05-29 14:00:00-04:00,2026-05-29,3,29440.15,29462.4,-137.22,53989.09999999969,3889.099999999693
2026-06-09 10:00:00-04:00,2026-06-09,3,28861.35,28883.6,-137.22,53851.87999999969,3751.879999999692
2026-06-22 10:30:00-04:00,2026-06-22,3,29617.35,29586.55,181.07999999999564,54032.959999999686,3932.9599999996863
2026-07-14 12:15:00-04:00,2026-07-14,3,28742.55,28724.7,103.37999999999127,54136.33999999968,4036.3399999996764
2026-07-20 10:05:00-04:00,2026-07-20,3,28067.35,28036.55,181.07999999999564,54317.41999999967,4217.419999999671
2026-08-14 10:15:00-04:00,2026-08-14,3,29328.15,29297.350000000002,181.07999999999564,54498.499999999665,4398.499999999665
2026-08-25 10:30:00-04:00,2026-08-25,3,28370.95,28393.2,-137.22,54361.279999999664,4261.279999999664
2026-08-28 10:05:00-04:00,2026-08-28,3,28791.35,28760.55,181.07999999999564,54542.35999999966,4442.359999999659
2026-09-04 12:45:00-04:00,2026-09-04,3,28751.35,28761.75,-66.12000000000873,54476.23999999965,4376.239999999649
2026-09-16 13:30:00-04:00,2026-09-16,3,28376.95,28388.65,-73.92000000000436,54402.31999999964,4302.319999999643
2026-09-18 10:00:00-04:00,2026-09-18,3,28715.55,28700.5,86.57999999999564,54488.89999999964,4388.899999999638
2026-09-25 10:10:00-04:00,2026-09-25,3,29698.55,29714.25,-97.92000000000436,54390.97999999963,4290.979999999632
