timestamp,date,time,entry,exit,pts,net,balance,cushion
2024-01-11 10:00:00-05:00,2024-01-11,10:00,16356.15,16323.15,33.0,194.28,50194.28,2358.5800000000017
2024-01-22 10:50:00-05:00,2024-01-22,10:50,16857.35,16879.6,-22.25,-137.22,50057.06,2221.3600000000006
2024-02-07 10:10:00-05:00,2024-02-07,10:10,17185.35,17207.6,-22.25,-137.22,49919.84,2084.1399999999994
2024-02-23 10:15:00-05:00,2024-02-23,10:15,17555.95,17569.55,-13.599999999998545,-85.31999999999127,49834.520000000004,1998.820000000007
2024-02-29 11:35:00-05:00,2024-02-29,11:35,17457.55,17424.55,33.0,194.28,50028.8,2193.100000000006
2024-03-07 09:50:00-05:00,2024-03-07,09:50,17672.15,17682.4,-10.25,-65.22,49963.58,2127.8800000000047
2024-03-20 11:10:00-04:00,2024-03-20,11:10,17542.95,17561.35,-18.399999999997817,-114.1199999999869,49849.460000000014,2013.7600000000166
2024-05-07 10:35:00-04:00,2024-05-07,10:35,17607.75,17618.0,-10.25,-65.22,49784.24000000001,1948.5400000000154
2024-05-10 10:35:00-04:00,2024-05-10,10:35,17654.55,17666.35,-11.799999999999272,-74.51999999999563,49709.720000000016,1874.0200000000186
2024-06-06 09:55:00-04:00,2024-06-06,09:55,18536.75,18503.75,33.0,194.28,49904.000000000015,2068.3000000000175
2024-06-17 10:30:00-04:00,2024-06-17,10:30,19168.55,19183.55,-15.0,-93.72,49810.28000000001,1974.5800000000163
2024-06-20 10:05:00-04:00,2024-06-20,10:05,19432.15,19412.725000000006,19.424999999995634,112.82999999997381,49923.109999999986,2087.409999999989
2024-06-26 11:10:00-04:00,2024-06-26,11:10,19174.75,19151.725000000002,23.024999999997817,134.4299999999869,50057.53999999997,2221.8399999999747
2024-06-27 11:35:00-04:00,2024-06-27,11:35,19206.55,19173.55,33.0,194.28,50251.81999999997,2416.1199999999735
2024-07-10 10:40:00-04:00,2024-07-10,10:40,19990.15,19972.825000000004,17.32499999999709,100.22999999998254,50352.04999999995,2467.3299999999726
2024-07-22 10:05:00-04:00,2024-07-22,10:05,19227.75,19194.75,33.0,194.28,50546.32999999995,2477.37999999999
2024-08-14 12:40:00-04:00,2024-08-14,12:40,18471.35,18438.35,33.0,194.28,50740.60999999995,2470.1800000000076
2024-09-10 10:20:00-04:00,2024-09-10,10:20,18208.55,18227.15,-18.600000000002183,-115.3200000000131,50625.289999999935,2340.5799999999945
2024-09-17 12:25:00-04:00,2024-09-17,12:25,18926.55,18948.8,-22.25,-137.22,50488.069999999934,2203.3599999999933
2024-09-25 11:35:00-04:00,2024-09-25,11:35,19449.95,19460.2,-10.25,-65.22,50422.84999999993,2138.139999999992
2024-10-04 10:10:00-04:00,2024-10-04,10:10,19317.75,19340.0,-22.25,-137.22,50285.62999999993,2000.919999999991
2025-01-21 09:50:00-05:00,2025-01-21,09:50,20927.35,20905.225,22.125,129.03,50414.65999999993,2129.94999999999
2025-01-30 10:20:00-05:00,2025-01-30,10:20,20872.95,20895.2,-22.25,-137.22,50277.43999999993,1992.7299999999886
2025-02-18 10:00:00-05:00,2025-02-18,10:00,21540.15,21516.225000000006,23.924999999995634,139.8299999999738,50417.2699999999,2132.5599999999613
2025-03-17 10:40:00-04:00,2025-03-17,10:40,19220.55,19230.8,-10.25,-65.22,50352.0499999999,2067.33999999996
2025-05-14 09:55:00-04:00,2025-05-14,09:55,20666.55,20633.55,33.0,194.28,50546.3299999999,2261.619999999959
2025-06-04 10:00:00-04:00,2025-06-04,10:00,21144.35,21129.35,15.0,86.28,50632.6099999999,2264.980000000003
2025-06-11 12:10:00-04:00,2025-06-11,12:10,21383.95,21360.925000000003,23.024999999997817,134.4299999999869,50767.039999999884,2399.409999999989
2025-06-25 12:20:00-04:00,2025-06-25,12:20,21620.95,21605.95,15.0,86.28,50853.31999999988,2485.689999999988
2025-06-30 09:55:00-04:00,2025-06-30,09:55,21983.35,22005.6,-22.25,-137.22,50716.09999999988,2333.0800000000163
2025-07-09 11:05:00-04:00,2025-07-09,11:05,22155.35,22140.35,15.0,86.28,50802.37999999988,2419.360000000015
2025-07-18 10:15:00-04:00,2025-07-18,10:15,22473.55,22440.55,33.0,194.28,50996.65999999988,2449.779999999999
2025-07-31 10:25:00-04:00,2025-07-31,10:25,22901.75,22870.625,31.125,183.03,51179.68999999988,2439.730000000003
2025-08-05 10:10:00-04:00,2025-08-05,10:10,22594.55,22616.8,-22.25,-137.22,51042.46999999988,2253.880000000012
2025-08-13 11:15:00-04:00,2025-08-13,11:15,23205.35,23172.35,33.0,194.28,51236.749999999876,2441.380000000012
2025-08-28 09:55:00-04:00,2025-08-28,09:55,22939.35,22906.35,33.0,194.28,51431.029999999875,2450.980000000003
2025-09-12 09:55:00-04:00,2025-09-12,09:55,23386.75,23397.75,-11.0,-69.72,51361.309999999874,2381.260000000002
2025-10-06 10:20:00-04:00,2025-10-06,10:20,24276.95,24299.2,-22.25,-137.22,51224.08999999987,2244.040000000001
2025-10-07 10:35:00-04:00,2025-10-07,10:35,24364.35,24331.35,33.0,194.28,51418.36999999987,2404.1800000000076
2025-10-16 09:55:00-04:00,2025-10-16,09:55,24215.35,24237.6,-22.25,-137.22,51281.14999999987,2189.0800000000163
2025-12-26 10:00:00-05:00,2025-12-26,10:00,24969.15,24952.125000000004,17.024999999997817,98.4299999999869,51379.579999999856,2287.510000000002
2026-01-02 10:15:00-05:00,2026-01-02,10:15,24721.35,24688.35,33.0,194.28,51573.859999999855,2414.980000000003
2026-01-22 09:50:00-05:00,2026-01-22,09:50,24744.95,24767.2,-22.25,-137.22,51436.639999999854,2268.279999999999
2026-03-23 11:45:00-04:00,2026-03-23,11:45,23662.55,23635.625,26.924999999999272,157.82999999999564,51594.46999999985,2330.529999999999
2026-04-16 09:55:00-04:00,2026-04-16,09:55,25415.75,25438.0,-22.25,-137.22,51457.24999999985,2193.3099999999977
2026-04-21 10:55:00-04:00,2026-04-21,10:55,25921.35,25888.35,33.0,194.28,51651.529999999846,2330.980000000003
2026-04-29 12:30:00-04:00,2026-04-29,12:30,26346.95,26313.95,33.0,194.28,51845.809999999845,2380.1799999999857
2026-04-30 09:55:00-04:00,2026-04-30,09:55,26383.15,26350.15,33.0,194.28,52040.089999999844,2461.779999999999
2026-05-11 10:05:00-04:00,2026-05-11,10:05,28455.75,28470.35,-14.599999999998545,-91.31999999999127,51948.76999999985,2370.4600000000064
2026-06-09 10:00:00-04:00,2026-06-09,10:00,28861.35,28883.6,-22.25,-137.22,51811.54999999985,2085.880000000012
2026-07-20 10:40:00-04:00,2026-07-20,10:40,28046.95,28013.95,33.0,194.28,52005.82999999985,2280.1600000000108
2026-08-14 10:15:00-04:00,2026-08-14,10:15,29328.15,29295.15,33.0,194.28,52200.10999999985,2328.5799999999945
2026-09-18 10:00:00-04:00,2026-09-18,10:00,28715.55,28699.425,16.125,93.03,52293.13999999985,2316.130000000012
2026-09-25 10:10:00-04:00,2026-09-25,10:10,29698.55,29714.25,-15.700000000000728,-97.92000000000436,52195.21999999984,2095.219999999841
