entry_time,exit_time,date,direction,entry_price,exit_price,stop_price,target_price,risk_pts,net_pnl,pnl_r,mae_dollars,mfe_dollars,exit_reason,balance_after,floor_after,cushion_after
2022-01-04 09:50:00-05:00,2022-01-04 10:00:00-05:00,2022-01-04,SHORT,16046.55,16005.512499999997,16046.05,16005.512499999997,23.450000000000728,80.83500000000437,1.7235607675906581,-8.5,113.09999999999854,Target Limit (1.75R),50080.83500000001,47613.1,2467.735000000008
2022-02-17 09:55:00-05:00,2022-02-17 10:45:00-05:00,2022-02-17,SHORT,14046.95,13981.325,14046.45,13981.325,37.5,130.01,1.7334666666666665,-55.69999999999709,140.3000000000029,Target Limit (1.75R),50210.84500000001,47721.13500000001,2489.709999999999
2022-05-04 10:10:00-04:00,2022-05-04 11:10:00-04:00,2022-05-04,SHORT,12632.15,12566.525,12631.65,12566.525,37.5,130.01,1.7334666666666665,-24.5,139.5,Target Limit (1.75R),50340.85500000001,47850.34500000001,2490.510000000002
2022-08-11 10:00:00-04:00,2022-08-11 10:25:00-04:00,2022-08-11,LONG,13165.45,13165.7,13165.95,13231.075,37.5,-0.74,-0.009866666666666666,0.0,93.5,Stop Loss,50340.11500000001,47934.35500000001,2405.760000000002
2022-08-16 09:50:00-04:00,2022-08-16 10:30:00-04:00,2022-08-16,SHORT,13242.55,13188.912499999997,13242.05,13188.912499999997,30.650000000001455,106.0350000000051,1.7297716150081577,-39.70000000000073,148.29999999999927,Target Limit (1.75R),50446.150000000016,47988.41500000001,2457.735000000008
2022-08-24 10:20:00-04:00,2022-08-24 11:50:00-04:00,2022-08-24,LONG,12599.85,12665.475,12600.35,12665.475,37.5,130.01,1.7334666666666665,-47.29999999999927,132.70000000000073,Target Limit (1.75R),50576.16000000002,48078.85000000002,2497.3099999999977
2022-08-25 10:00:00-04:00,2022-08-25 11:05:00-04:00,2022-08-25,LONG,12721.25,12721.5,12721.75,12786.875,37.5,-0.74,-0.009866666666666666,-20.900000000001455,117.90000000000146,Stop Loss,50575.42000000002,48194.06000000002,2381.3600000000006
2022-08-26 10:00:00-04:00,2022-08-26 10:05:00-04:00,2022-08-26,SHORT,12670.95,12708.7,12708.45,12605.325,37.5,-76.74,-1.0231999999999999,-335.6999999999971,17.900000000001455,Stop Loss,50498.68000000002,48194.06000000002,2304.6200000000026
2022-09-21 09:45:00-04:00,2022-09-21 09:55:00-04:00,2022-09-21,LONG,11611.05,11581.15,11581.4,11662.937499999998,29.649999999999636,-61.039999999999274,-1.0293423271500848,-62.099999999998545,5.900000000001455,Stop Loss,50437.64000000002,48194.06000000002,2243.5800000000017
2022-10-25 09:50:00-04:00,2022-10-25 10:35:00-04:00,2022-10-25,LONG,11308.65,11270.9,11271.15,11374.275,37.5,-76.74,-1.0231999999999999,-82.09999999999854,25.100000000002183,Stop Loss,50360.90000000002,48194.06000000002,2166.840000000004
2022-11-09 10:05:00-05:00,2022-11-09 10:25:00-05:00,2022-11-09,LONG,10729.05,10691.3,10691.55,10794.675,37.5,-76.74,-1.0231999999999999,-86.89999999999782,23.5,Stop Loss,50284.160000000025,48194.06000000002,2090.100000000006
2022-11-16 09:45:00-05:00,2022-11-16 09:55:00-05:00,2022-11-16,SHORT,11432.55,11470.3,11470.05,11366.925,37.5,-76.74,-1.0231999999999999,-75.70000000000073,9.099999999998545,Stop Loss,50207.42000000003,48194.06000000002,2013.3600000000079
2022-11-29 09:55:00-05:00,2022-11-29 10:05:00-05:00,2022-11-29,SHORT,11275.75,11299.65,11299.4,11234.362500000001,23.649999999999636,-49.039999999999274,-1.0367864693446094,-61.29999999999927,0.0,Stop Loss,50158.38000000003,48194.06000000002,1964.320000000007
2022-12-12 11:05:00-05:00,2022-12-12 11:30:00-05:00,2022-12-12,LONG,11313.05,11284.150000000001,11284.400000000001,11363.187499999996,28.649999999997817,-59.039999999995636,-1.0303664921465991,-68.5,0.0,Stop Loss,50099.34000000003,48194.06000000002,1905.2800000000134
2022-12-16 10:10:00-05:00,2022-12-16 11:45:00-05:00,2022-12-16,SHORT,10996.55,10930.925,10996.05,10930.925,37.5,130.01,1.7334666666666665,-22.100000000002183,142.6999999999971,Target Limit (1.75R),50229.350000000035,48194.06000000002,2035.2900000000154
2023-01-09 09:45:00-05:00,2023-01-09 10:35:00-05:00,2023-01-09,LONG,10907.45,10973.075,10907.95,10973.075,37.5,130.01,1.7334666666666665,-5.30000000000291,134.6999999999971,Target Limit (1.75R),50359.36000000004,48194.06000000002,2165.3000000000175
2023-01-13 10:00:00-05:00,2023-01-13 11:15:00-05:00,2023-01-13,LONG,11110.65,11110.9,11111.15,11168.487500000001,33.05000000000109,-0.74,-0.01119515885022656,-21.299999999999272,108.29999999999927,Stop Loss,50358.62000000004,48194.06000000002,2164.5600000000195
2023-01-18 10:00:00-05:00,2023-01-18 10:15:00-05:00,2023-01-18,LONG,11369.25,11331.5,11331.75,11434.875,37.5,-76.74,-1.0231999999999999,-113.29999999999927,34.29999999999927,Stop Loss,50281.88000000004,48194.06000000002,2087.8200000000215
2023-01-24 09:45:00-05:00,2023-01-24 10:00:00-05:00,2023-01-24,LONG,11546.25,11508.5,11508.75,11611.875,37.5,-76.74,-1.0231999999999999,-98.90000000000146,65.09999999999854,Stop Loss,50205.14000000004,48194.06000000002,2011.0800000000236
2023-01-30 10:05:00-05:00,2023-01-30 10:15:00-05:00,2023-01-30,LONG,11755.45,11710.95,11718.4,11820.287500000002,37.05000000000109,-90.24,-1.2178137651821503,-89.30000000000291,5.099999999998545,Stop Loss,50114.900000000045,48194.06000000002,1920.8400000000256
2023-02-01 10:50:00-05:00,2023-02-01 11:20:00-05:00,2023-02-01,SHORT,11730.95,11762.849999999999,11762.599999999999,11675.562500000004,31.649999999997817,-65.03999999999563,-1.0274881516587695,-74.89999999999782,33.10000000000218,Stop Loss,50049.86000000005,48194.06000000002,1855.800000000032
2023-02-07 11:30:00-05:00,2023-02-07 12:20:00-05:00,2023-02-07,LONG,12219.05,12181.3,12181.55,12284.675,37.5,-76.74,-1.0231999999999999,-98.89999999999782,1.9000000000014552,Stop Loss,49973.12000000005,48194.06000000002,1779.060000000034
2023-02-22 09:45:00-05:00,2023-02-22 09:50:00-05:00,2023-02-22,LONG,11832.65,11805.15,11805.4,11880.3375,27.25,-56.24,-1.0319266055045873,-65.29999999999927,0.0,Stop Loss,49916.880000000056,48194.06000000002,1722.820000000036
2023-02-27 09:45:00-05:00,2023-02-27 09:50:00-05:00,2023-02-27,SHORT,11779.75,11800.0,11799.75,11744.75,20.0,-41.74,-1.0435,-49.29999999999927,0.0,Stop Loss,49875.14000000006,48194.06000000002,1681.0800000000381
2023-02-28 10:00:00-05:00,2023-02-28 10:25:00-05:00,2023-02-28,LONG,11783.45,11745.7,11745.95,11849.075,37.5,-76.74,-1.0231999999999999,-86.10000000000218,24.299999999999272,Stop Loss,49798.40000000006,48194.06000000002,1604.3400000000402
2023-03-01 09:45:00-05:00,2023-03-01 10:00:00-05:00,2023-03-01,LONG,11749.45,11711.7,11711.95,11815.075,37.5,-76.74,-1.0231999999999999,-86.10000000000218,13.099999999998545,Stop Loss,49721.66000000006,48194.06000000002,1527.6000000000422
2023-03-02 09:50:00-05:00,2023-03-02 11:25:00-05:00,2023-03-02,LONG,11587.65,11587.9,11588.15,11648.287499999999,34.649999999999636,-0.74,-0.01067821067821079,-51.29999999999927,69.5,Stop Loss,49720.920000000064,48194.06000000002,1526.8600000000442
2023-03-03 10:00:00-05:00,2023-03-03 10:30:00-05:00,2023-03-03,LONG,11847.45,11910.712500000003,11847.95,11910.712500000003,36.150000000001455,125.2850000000051,1.7328492392807753,-67.70000000000073,126.69999999999709,Target Limit (1.75R),49846.20500000007,48194.06000000002,1652.1450000000477
2023-03-06 10:15:00-05:00,2023-03-06 12:35:00-05:00,2023-03-06,LONG,12103.85,12104.1,12104.35,12169.475,37.5,-0.74,-0.009866666666666666,-18.900000000001455,110.70000000000073,Stop Loss,49845.46500000007,48194.06000000002,1651.4050000000498
2023-03-07 10:00:00-05:00,2023-03-07 10:05:00-05:00,2023-03-07,SHORT,11913.75,11919.45,11913.25,11848.125,37.5,-12.640000000001455,-0.16853333333335274,-13.299999999999272,76.29999999999927,Stop Loss,49832.82500000007,48194.06000000002,1638.7650000000503
2023-03-21 10:15:00-04:00,2023-03-21 10:20:00-04:00,2023-03-21,SHORT,12313.15,12313.05,12312.65,12274.037499999999,22.350000000000364,-1.0399999999992724,-0.023266219239356945,-4.900000000001455,49.5,Stop Loss,49831.78500000007,48194.06000000002,1637.7250000000495
2023-03-22 10:25:00-04:00,2023-03-22 11:10:00-04:00,2023-03-22,LONG,12469.25,12431.5,12431.75,12534.875,37.5,-76.74,-1.0231999999999999,-80.09999999999854,3.099999999998545,Stop Loss,49755.04500000007,48194.06000000002,1560.9850000000515
2023-03-23 10:00:00-04:00,2023-03-23 10:15:00-04:00,2023-03-23,LONG,12436.65,12481.537499999999,12437.15,12481.537499999999,25.649999999999636,88.53499999999782,1.7258284600389684,-10.899999999997817,92.29999999999927,Target Limit (1.75R),49843.58000000007,48194.06000000002,1649.5200000000477
2023-03-29 10:00:00-04:00,2023-03-29 10:15:00-04:00,2023-03-29,LONG,12473.85,12447.55,12447.8,12519.437500000002,26.05000000000109,-53.840000000002185,-1.0333973128598835,-57.70000000000073,1.0999999999985448,Stop Loss,49789.74000000006,48194.06000000002,1595.680000000044
2023-03-30 09:55:00-04:00,2023-03-30 10:05:00-04:00,2023-03-30,LONG,12622.65,12601.25,12601.5,12659.662499999999,21.149999999999636,-44.039999999999274,-1.0411347517730505,-58.099999999998545,24.299999999999272,Stop Loss,49745.70000000006,48194.06000000002,1551.640000000043
2023-04-03 09:45:00-04:00,2023-04-03 09:55:00-04:00,2023-04-03,LONG,12799.45,12762.55,12762.8,12863.587500000003,36.650000000001455,-75.0400000000029,-1.023738062755797,-82.10000000000218,1.0999999999985448,Stop Loss,49670.66000000006,48194.06000000002,1476.6000000000422
2023-04-05 09:50:00-04:00,2023-04-05 10:00:00-04:00,2023-04-05,SHORT,12684.95,12712.45,12712.2,12637.2625,27.25,-56.24,-1.0319266055045873,-56.5,33.900000000001455,Stop Loss,49614.420000000064,48194.06000000002,1420.3600000000442
2023-04-06 10:10:00-04:00,2023-04-06 11:45:00-04:00,2023-04-06,LONG,12605.05,12670.675,12605.55,12670.675,37.5,130.01,1.7334666666666665,-74.09999999999854,150.70000000000073,Target Limit (1.75R),49744.430000000066,48194.06000000002,1550.3700000000463
2023-04-18 09:45:00-04:00,2023-04-18 09:55:00-04:00,2023-04-18,LONG,12853.85,12831.75,12832.0,12892.087500000001,21.850000000000364,-45.44000000000073,-1.0398169336384433,-99.29999999999927,0.0,Stop Loss,49698.99000000006,48194.06000000002,1504.930000000044
2023-04-19 10:35:00-04:00,2023-04-19 12:15:00-04:00,2023-04-19,LONG,12704.25,12754.387499999999,12704.75,12754.387499999999,28.649999999999636,99.03499999999782,1.7283595113437884,-19.700000000000728,115.5,Target Limit (1.75R),49798.02500000006,48194.06000000002,1603.9650000000402
2023-04-21 09:50:00-04:00,2023-04-21 10:10:00-04:00,2023-04-21,SHORT,12602.55,12602.3,12602.05,12545.062499999998,32.850000000000364,-0.74,-0.011263318112633057,-16.900000000001455,74.69999999999709,Stop Loss,49797.28500000006,48194.06000000002,1603.2250000000422
2023-04-25 09:45:00-04:00,2023-04-25 10:00:00-04:00,2023-04-25,SHORT,12562.15,12582.4,12582.15,12527.15,20.0,-41.74,-1.0435,-46.10000000000218,13.099999999998545,Stop Loss,49755.545000000064,48194.06000000002,1561.4850000000442
2023-04-27 10:05:00-04:00,2023-04-27 10:10:00-04:00,2023-04-27,LONG,12641.05,12639.75,12641.55,12677.187499999998,20.649999999999636,-3.839999999998545,-0.09297820823241193,-9.299999999999272,46.70000000000073,Stop Loss,49751.70500000007,48194.06000000002,1557.6450000000477
2023-05-01 09:50:00-04:00,2023-05-01 10:00:00-04:00,2023-05-01,LONG,12902.45,12882.2,12882.45,12937.45,20.0,-41.74,-1.0435,-64.90000000000146,4.299999999999272,Stop Loss,49709.96500000007,48194.06000000002,1515.9050000000498
2023-05-02 10:05:00-04:00,2023-05-02 10:10:00-04:00,2023-05-02,SHORT,12848.55,12851.85,12848.05,12799.462500000001,28.049999999999272,-7.840000000002183,-0.1397504456328411,-6.100000000002183,67.09999999999854,Stop Loss,49702.125000000065,48194.06000000002,1508.065000000046
2023-05-04 09:45:00-04:00,2023-05-04 09:55:00-04:00,2023-05-04,SHORT,12635.95,12661.25,12661.0,12592.112500000003,25.049999999999272,-51.83999999999855,-1.0347305389221568,-50.5,0.0,Stop Loss,49650.28500000007,48194.06000000002,1456.2250000000495
2023-05-05 09:45:00-04:00,2023-05-05 10:10:00-04:00,2023-05-05,LONG,12775.05,12825.187499999998,12775.55,12825.187499999998,28.649999999999636,99.03499999999782,1.7283595113437884,-15.69999999999709,106.70000000000073,Target Limit (1.75R),49749.320000000065,48194.06000000002,1555.2600000000457
2023-05-08 09:50:00-04:00,2023-05-08 10:45:00-04:00,2023-05-08,SHORT,12859.75,12886.25,12886.0,12813.8125,26.25,-54.24,-1.0331428571428571,-59.70000000000073,12.299999999999272,Stop Loss,49695.08000000007,48194.06000000002,1501.0200000000477
2023-05-12 09:45:00-04:00,2023-05-12 10:00:00-04:00,2023-05-12,SHORT,13046.15,13045.9,13045.65,12997.7625,27.649999999999636,-0.74,-0.013381555153707229,-35.70000000000073,64.29999999999927,Stop Loss,49694.34000000007,48194.06000000002,1500.2800000000498
2023-05-15 09:50:00-04:00,2023-05-15 10:35:00-04:00,2023-05-15,SHORT,12993.15,12992.9,12992.65,12958.15,20.0,-0.74,-0.0185,-22.5,67.09999999999854,Stop Loss,49693.60000000007,48194.06000000002,1499.5400000000518
2023-05-17 09:45:00-04:00,2023-05-17 10:10:00-04:00,2023-05-17,SHORT,13111.35,13111.1,13110.85,13076.35,20.0,-0.74,-0.0185,-9.299999999999272,56.29999999999927,Stop Loss,49692.86000000007,48194.06000000002,1498.8000000000538
2023-05-19 09:45:00-04:00,2023-05-19 10:00:00-04:00,2023-05-19,SHORT,13487.75,13493.45,13487.25,13452.137499999999,20.350000000000364,-12.640000000001455,-0.31056511056514075,-11.299999999999272,49.5,Stop Loss,49680.220000000074,48194.06000000002,1486.1600000000544
2023-05-23 09:50:00-04:00,2023-05-23 10:15:00-04:00,2023-05-23,LONG,13471.65,13449.55,13449.8,13509.8875,21.850000000000364,-45.44000000000073,-1.0398169336384433,-49.70000000000073,18.700000000000728,Stop Loss,49634.78000000007,48194.06000000002,1440.720000000052
2023-06-12 10:05:00-04:00,2023-06-12 10:20:00-04:00,2023-06-12,SHORT,14218.95,14242.85,14242.6,14177.562500000002,23.649999999999636,-49.039999999999274,-1.0367864693446094,-63.69999999999709,21.900000000001455,Stop Loss,49585.74000000007,48194.06000000002,1391.6800000000512
2023-06-14 09:50:00-04:00,2023-06-14 10:20:00-04:00,2023-06-14,LONG,14542.25,14591.162500000002,14542.75,14591.162500000002,27.950000000000728,96.58500000000437,1.7278175313059365,-2.900000000001455,122.70000000000073,Target Limit (1.75R),49682.32500000008,48194.06000000002,1488.2650000000576
2023-06-21 09:55:00-04:00,2023-06-21 10:00:00-04:00,2023-06-21,SHORT,14557.35,14557.1,14556.85,14491.725,37.5,-0.74,-0.009866666666666666,-6.5,90.70000000000073,Stop Loss,49681.58500000008,48194.06000000002,1487.5250000000597
2023-07-03 10:40:00-04:00,2023-07-03 12:55:00-04:00,2023-07-03,SHORT,14774.55,14805.85,14805.6,14720.212499999998,31.05000000000109,-63.840000000002185,-1.0280193236714967,-80.5,30.69999999999709,Stop Loss,49617.745000000075,48194.06000000002,1423.6850000000559
2023-07-07 09:45:00-04:00,2023-07-07 10:25:00-04:00,2023-07-07,LONG,14713.85,14683.95,14684.2,14765.7375,29.649999999999636,-61.039999999999274,-1.0293423271500848,-59.29999999999927,55.099999999998545,Stop Loss,49556.705000000075,48194.06000000002,1362.645000000055
2023-07-12 09:45:00-04:00,2023-07-12 10:15:00-04:00,2023-07-12,LONG,14915.45,14955.787499999999,14915.95,14955.787499999999,23.049999999999272,79.43499999999564,1.723101952277617,-35.30000000000291,96.29999999999927,Target Limit (1.75R),49636.14000000007,48194.06000000002,1442.0800000000527
2023-07-24 09:45:00-04:00,2023-07-24 09:50:00-04:00,2023-07-24,SHORT,15046.15,14984.1125,15045.65,14984.1125,35.45000000000073,122.83500000000073,1.7325105782792414,0.0,140.29999999999927,Target Limit (1.75R),49758.97500000007,48194.06000000002,1564.9150000000518
2023-07-25 09:45:00-04:00,2023-07-25 10:30:00-04:00,2023-07-25,LONG,15129.65,15100.75,15101.0,15179.787499999999,28.649999999999636,-59.039999999999274,-1.0303664921465974,-68.89999999999782,52.70000000000073,Stop Loss,49699.93500000007,48194.06000000002,1505.875000000051
2023-07-31 09:55:00-04:00,2023-07-31 10:30:00-04:00,2023-07-31,SHORT,15320.15,15357.9,15357.65,15254.525,37.5,-76.74,-1.0231999999999999,-78.90000000000146,37.89999999999782,Stop Loss,49623.19500000007,48194.06000000002,1429.135000000053
2023-08-01 10:05:00-04:00,2023-08-01 10:10:00-04:00,2023-08-01,LONG,15298.65,15278.4,15278.65,15333.65,20.0,-41.74,-1.0435,-98.09999999999854,0.0,Stop Loss,49581.455000000075,48194.06000000002,1387.395000000055
2023-08-18 10:40:00-04:00,2023-08-18 11:40:00-04:00,2023-08-18,LONG,14269.05,14231.3,14231.55,14334.675,37.5,-76.74,-1.0231999999999999,-78.5,40.30000000000291,Stop Loss,49504.71500000008,48194.06000000002,1310.655000000057
2023-08-23 09:45:00-04:00,2023-08-23 10:10:00-04:00,2023-08-23,LONG,14628.25,14692.387500000003,14628.75,14692.387500000003,36.650000000001455,127.0350000000051,1.733083219645294,-8.900000000001455,143.5,Target Limit (1.75R),49631.75000000008,48194.06000000002,1437.6900000000605
2023-08-25 09:45:00-04:00,2023-08-25 10:00:00-04:00,2023-08-25,LONG,14532.65,14532.9,14533.15,14581.3875,27.850000000000364,-0.74,-0.01328545780969462,-61.29999999999927,85.10000000000218,Stop Loss,49631.01000000008,48194.06000000002,1436.9500000000626
2023-09-05 10:20:00-04:00,2023-09-05 11:05:00-04:00,2023-09-05,LONG,15098.65,15155.612500000001,15099.15,15155.612500000001,32.55000000000109,112.68500000000292,1.7309523809523677,-58.89999999999782,124.29999999999927,Target Limit (1.75R),49743.69500000009,48194.06000000002,1549.6350000000675
2023-09-06 10:00:00-04:00,2023-09-06 12:25:00-04:00,2023-09-06,SHORT,15010.15,14944.525,15009.65,14944.525,37.5,130.01,1.7334666666666665,-30.900000000001455,157.89999999999782,Target Limit (1.75R),49873.70500000009,48194.06000000002,1679.6450000000696
2023-09-14 09:55:00-04:00,2023-09-14 10:25:00-04:00,2023-09-14,SHORT,15000.95,15000.7,15000.45,14945.912499999999,31.450000000000728,-0.74,-0.011764705882352669,-11.299999999999272,85.5,Stop Loss,49872.96500000009,48194.06000000002,1678.9050000000716
2023-09-19 09:50:00-04:00,2023-09-19 10:00:00-04:00,2023-09-19,SHORT,14742.75,14701.712499999998,14742.25,14701.712499999998,23.450000000000728,80.83500000000437,1.7235607675906581,-1.7000000000007276,94.29999999999927,Target Limit (1.75R),49953.8000000001,48194.06000000002,1759.740000000078
2023-09-21 09:45:00-04:00,2023-09-21 10:05:00-04:00,2023-09-21,SHORT,14409.75,14409.5,14409.25,14353.662500000002,32.04999999999927,-0.74,-0.0115444617784714,-25.299999999999272,82.70000000000073,Stop Loss,49953.0600000001,48194.06000000002,1759.00000000008
2023-09-22 09:55:00-04:00,2023-09-22 10:55:00-04:00,2023-09-22,LONG,14397.05,14457.512499999997,14397.55,14457.512499999997,34.54999999999927,119.68499999999564,1.7320549927640834,-68.5,125.5,Target Limit (1.75R),50072.7450000001,48194.06000000002,1878.6850000000777
2023-09-26 09:45:00-04:00,2023-09-26 10:10:00-04:00,2023-09-26,SHORT,14256.55,14216.212500000001,14256.05,14216.212500000001,23.049999999999272,79.43499999999564,1.723101952277617,0.0,113.89999999999782,Target Limit (1.75R),50152.180000000095,48194.06000000002,1958.1200000000754
2023-09-27 10:20:00-04:00,2023-09-27 10:30:00-04:00,2023-09-27,SHORT,14208.55,14228.85,14228.6,14173.462499999998,20.05000000000109,-41.840000000002185,-1.043391521197005,-46.5,2.6999999999970896,Stop Loss,50110.34000000009,48194.06000000002,1916.2800000000716
2023-09-28 09:50:00-04:00,2023-09-28 10:30:00-04:00,2023-09-28,LONG,14203.05,14165.3,14165.55,14268.675,37.5,-76.74,-1.0231999999999999,-102.09999999999854,70.70000000000073,Stop Loss,50033.60000000009,48194.06000000002,1839.5400000000736
2023-09-29 09:45:00-04:00,2023-09-29 10:00:00-04:00,2023-09-29,LONG,14477.05,14513.187499999998,14477.55,14513.187499999998,20.649999999999636,71.03499999999782,1.719975786924917,-10.5,79.10000000000218,Target Limit (1.75R),50104.63500000009,48194.06000000002,1910.5750000000698
2023-10-03 09:50:00-04:00,2023-10-03 10:00:00-04:00,2023-10-03,LONG,14431.85,14394.1,14394.35,14497.475,37.5,-76.74,-1.0231999999999999,-212.5,13.099999999998545,Stop Loss,50027.89500000009,48194.06000000002,1833.835000000072
2023-10-10 10:20:00-04:00,2023-10-10 11:15:00-04:00,2023-10-10,LONG,14751.85,14817.475,14752.35,14817.475,37.5,130.01,1.7334666666666665,-22.5,151.5,Target Limit (1.75R),50157.90500000009,48194.06000000002,1963.845000000074
2023-10-12 09:45:00-04:00,2023-10-12 10:00:00-04:00,2023-10-12,SHORT,14846.15,14869.150000000001,14868.900000000001,14806.337499999996,22.75000000000182,-47.24000000000364,-1.0382417582417551,-64.5,1.8999999999978172,Stop Loss,50110.66500000009,48194.06000000002,1916.6050000000687
2023-10-17 09:45:00-04:00,2023-10-17 09:55:00-04:00,2023-10-17,SHORT,14582.55,14582.3,14582.05,14524.3625,33.25,-0.74,-0.011127819548872181,0.0,69.89999999999782,Stop Loss,50109.92500000009,48194.06000000002,1915.8650000000707
2023-10-27 09:45:00-04:00,2023-10-27 09:55:00-04:00,2023-10-27,SHORT,13844.95,13876.15,13875.9,13790.787500000002,30.94999999999891,-63.63999999999782,-1.0281098546042013,-73.29999999999927,4.700000000000728,Stop Loss,50046.28500000009,48194.06000000002,1852.2250000000713
2023-11-01 09:45:00-04:00,2023-11-01 10:05:00-04:00,2023-11-01,LONG,14124.65,14091.25,14091.5,14182.662499999999,33.149999999999636,-68.03999999999927,-1.0262443438914028,-80.5,6.700000000000728,Stop Loss,49978.24500000009,48194.06000000002,1784.1850000000704
2023-11-02 10:10:00-04:00,2023-11-02 10:25:00-04:00,2023-11-02,SHORT,14422.95,14460.7,14460.45,14357.325,37.5,-76.74,-1.0231999999999999,-102.89999999999782,10.700000000000728,Stop Loss,49901.50500000009,48194.06000000002,1707.4450000000725
2023-11-03 09:45:00-04:00,2023-11-03 10:00:00-04:00,2023-11-03,LONG,14654.65,14654.9,14655.15,14720.275,37.5,-0.74,-0.009866666666666666,-26.899999999997817,79.5,Stop Loss,49900.765000000094,48194.06000000002,1706.7050000000745
2023-11-06 10:00:00-05:00,2023-11-06 10:35:00-05:00,2023-11-06,SHORT,14737.75,14765.849999999999,14765.599999999999,14689.012500000003,27.849999999998545,-57.43999999999709,-1.0312387791741489,-66.90000000000146,31.900000000001455,Stop Loss,49843.3250000001,48194.06000000002,1649.2650000000795
2023-11-08 10:20:00-05:00,2023-11-08 12:05:00-05:00,2023-11-08,SHORT,14893.35,14827.725,14892.85,14827.725,37.5,130.01,1.7334666666666665,-18.099999999998545,136.29999999999927,Target Limit (1.75R),49973.3350000001,48194.06000000002,1779.2750000000815
2023-11-09 10:25:00-05:00,2023-11-09 11:00:00-05:00,2023-11-09,SHORT,14903.75,14934.05,14933.8,14851.162500000002,30.049999999999272,-61.83999999999855,-1.028951747088187,-80.5,26.700000000000728,Stop Loss,49911.495000000104,48194.06000000002,1717.435000000085
2023-11-15 09:50:00-05:00,2023-11-15 10:20:00-05:00,2023-11-15,SHORT,15455.15,15486.95,15486.7,15399.937499999998,31.55000000000109,-64.84000000000218,-1.0275752773375584,-65.70000000000073,28.700000000000728,Stop Loss,49846.6550000001,48194.06000000002,1652.5950000000812
2023-11-16 09:45:00-05:00,2023-11-16 10:10:00-05:00,2023-11-16,LONG,15411.45,15411.7,15411.95,15461.062500000002,28.350000000000364,-0.74,-0.01305114638447955,-2.900000000001455,70.69999999999709,Stop Loss,49845.9150000001,48194.06000000002,1651.8550000000832
2023-11-21 10:20:00-05:00,2023-11-21 12:50:00-05:00,2023-11-21,SHORT,15496.35,15534.1,15533.85,15430.725,37.5,-76.74,-1.0231999999999999,-77.70000000000073,55.10000000000218,Stop Loss,49769.175000000105,48194.06000000002,1575.1150000000853
2023-11-24 10:20:00-05:00,2023-11-27 09:30:00-05:00,2023-11-24,SHORT,15558.95,15584.85,15584.6,15514.062500000002,25.649999999999636,-53.039999999999274,-1.0339181286549712,-74.89999999999782,34.70000000000073,Stop Loss,49716.135000000104,48194.06000000002,1522.0750000000844
2023-11-28 10:35:00-05:00,2023-11-28 10:55:00-05:00,2023-11-28,LONG,15572.65,15572.9,15573.15,15617.187499999998,25.44999999999891,-0.74,-0.014538310412574296,-31.700000000000728,69.10000000000218,Stop Loss,49715.395000000106,48194.06000000002,1521.3350000000864
2023-12-04 10:15:00-05:00,2023-12-04 10:20:00-05:00,2023-12-04,SHORT,15390.15,15389.9,15389.65,15324.525,37.5,-0.74,-0.009866666666666666,-9.299999999999272,85.5,Stop Loss,49714.65500000011,48194.06000000002,1520.5950000000885
2023-12-12 10:10:00-05:00,2023-12-12 12:10:00-05:00,2023-12-12,LONG,15845.05,15845.3,15845.55,15910.675,37.5,-0.74,-0.009866666666666666,-14.099999999998545,95.5,Stop Loss,49713.91500000011,48194.06000000002,1519.8550000000905
2023-12-13 11:20:00-05:00,2023-12-13 14:00:00-05:00,2023-12-13,SHORT,15980.15,16008.150000000001,16007.900000000001,15931.587499999996,27.75000000000182,-57.24000000000364,-1.0313513513513493,-122.90000000000146,51.5,Stop Loss,49656.675000000105,48194.06000000002,1462.6150000000853
2023-12-14 10:15:00-05:00,2023-12-14 10:35:00-05:00,2023-12-14,SHORT,16182.55,16184.25,16182.05,16124.3625,33.25,-4.640000000001455,-0.06977443609024744,-28.5,68.69999999999709,Stop Loss,49652.035000000105,48194.06000000002,1457.9750000000859
2023-12-18 11:25:00-05:00,2023-12-18 14:20:00-05:00,2023-12-18,LONG,16248.65,16314.275,16249.15,16314.275,37.5,130.01,1.7334666666666665,-2.099999999998545,139.5,Target Limit (1.75R),49782.04500000011,48194.06000000002,1587.985000000088
2023-12-20 10:00:00-05:00,2023-12-20 12:30:00-05:00,2023-12-20,LONG,16374.25,16374.5,16374.75,16429.987499999996,31.849999999998545,-0.74,-0.011616954474097862,-10.099999999998545,88.30000000000291,Stop Loss,49781.30500000011,48194.06000000002,1587.24500000009
2023-12-22 11:00:00-05:00,2023-12-22 11:05:00-05:00,2023-12-22,SHORT,16352.15,16351.9,16351.65,16315.662499999999,20.850000000000364,-0.74,-0.01774580335731384,-1.2999999999992724,45.099999999998545,Stop Loss,49780.56500000011,48194.06000000002,1586.505000000092
2023-12-28 11:15:00-05:00,2023-12-28 15:55:00-05:00,2023-12-28,SHORT,16466.95,16450.65,16466.45,16416.112500000003,29.049999999999272,31.359999999998546,0.5397590361445668,-47.69999999999709,58.700000000004366,Hard EOD (15:55),49811.92500000011,48194.06000000002,1617.8650000000926
2023-12-29 09:50:00-05:00,2023-12-29 10:30:00-05:00,2023-12-29,LONG,16461.85,16441.6,16441.85,16496.85,20.0,-41.74,-1.0435,-70.09999999999854,7.5,Stop Loss,49770.185000000114,48194.06000000002,1576.1250000000946
2024-01-05 10:00:00-05:00,2024-01-05 11:45:00-05:00,2024-01-05,LONG,15945.05,15907.3,15907.55,16010.675,37.5,-76.74,-1.0231999999999999,-86.09999999999854,69.90000000000146,Stop Loss,49693.445000000116,48194.06000000002,1499.3850000000966
2024-01-18 10:00:00-05:00,2024-01-18 10:15:00-05:00,2024-01-18,SHORT,16413.75,16451.5,16451.25,16348.125,37.5,-76.74,-1.0231999999999999,-86.90000000000146,9.900000000001455,Stop Loss,49616.70500000012,48194.06000000002,1422.6450000000987
2024-01-19 09:50:00-05:00,2024-01-19 10:05:00-05:00,2024-01-19,LONG,16627.45,16605.25,16605.5,16665.862500000003,21.950000000000728,-45.64000000000146,-1.0396355353075157,-78.09999999999854,39.5,Stop Loss,49571.06500000012,48194.06000000002,1377.0050000000992
2024-01-25 09:55:00-05:00,2024-01-25 10:10:00-05:00,2024-01-25,SHORT,17078.55,17113.550000000003,17113.300000000003,17017.737499999992,34.75000000000364,-71.24000000000727,-1.0250359712230188,-86.09999999999854,28.299999999995634,Stop Loss,49499.82500000011,48194.06000000002,1305.765000000094
2024-01-26 09:50:00-05:00,2024-01-26 09:55:00-05:00,2024-01-26,SHORT,16950.55,16971.25,16971.0,16914.762499999997,20.450000000000728,-42.64000000000146,-1.0425427872860622,-41.30000000000291,19.5,Stop Loss,49457.185000000114,48194.06000000002,1263.1250000000946
2024-01-30 10:00:00-05:00,2024-01-30 12:20:00-05:00,2024-01-30,SHORT,17067.35,17022.812499999996,17066.85,17022.812499999996,25.450000000000728,87.83500000000437,1.7256385068762645,-46.10000000000582,89.89999999999418,Target Limit (1.75R),49545.02000000012,48194.06000000002,1350.960000000101
2024-02-01 10:05:00-05:00,2024-02-01 10:20:00-05:00,2024-02-01,LONG,16799.85,16762.1,16762.35,16865.475,37.5,-76.74,-1.0231999999999999,-78.89999999999418,3.5,Stop Loss,49468.28000000012,48194.06000000002,1274.220000000103
2024-02-05 09:45:00-05:00,2024-02-05 10:00:00-05:00,2024-02-05,SHORT,17131.75,17133.45,17131.25,17092.112499999996,22.650000000001455,-4.640000000001455,-0.10242825607066572,-32.5,69.90000000000146,Stop Loss,49463.64000000012,48194.06000000002,1269.5800000001036
2024-02-08 09:55:00-05:00,2024-02-08 10:30:00-05:00,2024-02-08,LONG,17299.65,17277.95,17278.2,17337.187500000004,21.450000000000728,-44.64000000000146,-1.0405594405594392,-51.30000000000291,20.69999999999709,Stop Loss,49419.000000000124,48194.06000000002,1224.9400000001042
2024-02-09 09:50:00-05:00,2024-02-09 09:55:00-05:00,2024-02-09,LONG,17363.65,17362.15,17364.15,17399.262499999997,20.349999999998545,-4.24,-0.10417690417691162,-3.3000000000029104,54.299999999995634,Stop Loss,49414.760000000126,48194.06000000002,1220.7000000001062
2024-02-16 09:45:00-05:00,2024-02-16 09:50:00-05:00,2024-02-16,SHORT,17332.15,17333.05,17331.65,17266.525,37.5,-3.0399999999956346,-0.04053333333327513,-7.69999999999709,162.3000000000029,Stop Loss,49411.72000000013,48194.06000000002,1217.6600000001126
2024-02-23 09:55:00-05:00,2024-02-23 11:00:00-05:00,2024-02-23,SHORT,17560.95,17495.325,17560.45,17495.325,37.5,130.01,1.7334666666666665,-23.69999999999709,233.09999999999854,Target Limit (1.75R),49541.730000000134,48194.06000000002,1347.6700000001147
2024-02-28 09:45:00-05:00,2024-02-28 09:50:00-05:00,2024-02-28,SHORT,17397.55,17399.45,17397.05,17362.55,20.0,-5.040000000002911,-0.12600000000007278,-3.3000000000029104,46.299999999995634,Stop Loss,49536.69000000013,48194.06000000002,1342.6300000001138
2024-02-29 10:10:00-05:00,2024-02-29 10:35:00-05:00,2024-02-29,SHORT,17490.95,17528.7,17528.45,17425.325,37.5,-76.74,-1.0231999999999999,-83.69999999999709,17.900000000001455,Stop Loss,49459.950000000135,48194.06000000002,1265.8900000001158
2024-03-01 10:10:00-05:00,2024-03-01 12:15:00-05:00,2024-03-01,LONG,17681.05,17746.675,17681.55,17746.675,37.5,130.01,1.7334666666666665,-71.69999999999709,139.5,Target Limit (1.75R),49589.96000000014,48194.06000000002,1395.9000000001179
2024-03-06 09:50:00-05:00,2024-03-06 10:00:00-05:00,2024-03-06,SHORT,17572.15,17515.362500000007,17571.65,17515.362500000007,32.44999999999709,112.33499999998982,1.730893682588596,-2.099999999998545,136.3000000000029,Target Limit (1.75R),49702.29500000013,48194.06000000002,1508.2350000001097
2024-03-21 09:45:00-04:00,2024-03-21 10:20:00-04:00,2024-03-21,SHORT,17908.55,17946.3,17946.05,17842.925,37.5,-76.74,-1.0231999999999999,-78.90000000000146,22.69999999999709,Stop Loss,49625.55500000013,48194.06000000002,1431.4950000001118
2024-03-22 10:40:00-04:00,2024-03-22 11:00:00-04:00,2024-03-22,SHORT,17786.55,17806.8,17806.55,17751.55,20.0,-41.74,-1.0435,-57.30000000000291,4.299999999995634,Stop Loss,49583.81500000013,48194.06000000002,1389.7550000001138
2024-03-26 10:25:00-04:00,2024-03-26 11:15:00-04:00,2024-03-26,SHORT,17831.95,17856.55,17856.3,17789.3375,24.349999999998545,-50.43999999999709,-1.035728952772076,-50.900000000001455,29.5,Stop Loss,49533.37500000014,48194.06000000002,1339.3150000001187
2024-03-28 09:45:00-04:00,2024-03-28 10:10:00-04:00,2024-03-28,LONG,17803.05,17775.949999999997,17776.199999999997,17850.037500000002,26.850000000002183,-55.44000000000437,-1.0324022346368689,-61.299999999995634,41.099999999998545,Stop Loss,49477.935000000136,48194.06000000002,1283.8750000001164
2024-04-03 11:00:00-04:00,2024-04-03 12:00:00-04:00,2024-04-03,LONG,17740.25,17702.5,17702.75,17805.875,37.5,-76.74,-1.0231999999999999,-87.69999999999709,39.5,Stop Loss,49401.19500000014,48194.06000000002,1207.1350000001185
2024-04-04 09:50:00-04:00,2024-04-04 11:45:00-04:00,2024-04-04,SHORT,17833.15,17833.65,17832.65,17789.137499999997,25.150000000001455,-2.24,-0.04453280318091194,-16.89999999999418,70.30000000000291,Stop Loss,49398.95500000014,48194.06000000002,1204.8950000001205
2024-04-11 10:30:00-04:00,2024-04-11 10:45:00-04:00,2024-04-11,SHORT,17566.95,17596.449999999997,17596.199999999997,17515.762500000008,29.249999999996362,-60.239999999992726,-1.0297435897435934,-81.29999999999563,7.099999999998545,Stop Loss,49338.71500000015,48194.06000000002,1144.6550000001298
2024-04-12 10:40:00-04:00,2024-04-12 11:30:00-04:00,2024-04-12,SHORT,17579.75,17617.5,17617.25,17514.125,37.5,-76.74,-1.0231999999999999,-95.69999999999709,65.09999999999854,Stop Loss,49261.97500000015,48194.06000000002,1067.9150000001318
2024-04-16 09:55:00-04:00,2024-04-16 10:30:00-04:00,2024-04-16,LONG,17265.05,17227.3,17227.55,17330.675,37.5,-76.74,-1.0231999999999999,-82.09999999999854,61.900000000001455,Stop Loss,49185.23500000015,48194.06000000002,991.1750000001339
2024-04-17 10:00:00-04:00,2024-04-17 10:50:00-04:00,2024-04-17,SHORT,17216.15,17220.65,17215.65,17150.525,37.5,-10.24,-0.13653333333333334,-45.299999999995634,144.70000000000437,Stop Loss,49174.995000000155,48194.06000000002,980.9350000001359
2024-04-22 09:45:00-04:00,2024-04-22 09:55:00-04:00,2024-04-22,LONG,16728.85,16691.1,16691.35,16794.475,37.5,-76.74,-1.0231999999999999,-81.69999999999709,0.3000000000029104,Stop Loss,49098.25500000016,48194.06000000002,904.195000000138
2024-05-01 10:00:00-04:00,2024-05-01 10:35:00-04:00,2024-05-01,SHORT,16875.75,16913.5,16913.25,16810.125,37.5,-76.74,-1.0231999999999999,-84.09999999999854,36.30000000000291,Stop Loss,49021.51500000016,48194.06000000002,827.45500000014
2024-05-03 09:45:00-04:00,2024-05-03 10:00:00-04:00,2024-05-03,LONG,17413.65,17413.9,17414.15,17479.275,37.5,-0.74,-0.009866666666666666,-108.10000000000582,75.89999999999418,Stop Loss,49020.77500000016,48194.06000000002,826.715000000142
2024-05-07 09:55:00-04:00,2024-05-07 10:15:00-04:00,2024-05-07,SHORT,17609.75,17634.25,17634.0,17567.3125,24.25,-50.24,-1.0358762886597939,-54.5,14.69999999999709,Stop Loss,48970.53500000016,48194.06000000002,776.4750000001441
2024-05-08 10:20:00-04:00,2024-05-08 11:10:00-04:00,2024-05-08,LONG,17612.05,17612.3,17612.55,17677.675,37.5,-0.74,-0.009866666666666666,-5.299999999995634,91.5,Stop Loss,48969.795000000166,48194.06000000002,775.7350000001461
2024-05-14 11:15:00-04:00,2024-05-14 12:20:00-04:00,2024-05-14,LONG,17777.25,17739.5,17739.75,17842.875,37.5,-76.74,-1.0231999999999999,-80.90000000000146,21.5,Stop Loss,48893.05500000017,48194.06000000002,698.9950000001481
2024-05-15 10:30:00-04:00,2024-05-15 12:25:00-04:00,2024-05-15,LONG,17970.65,18027.437500000004,17971.15,18027.437500000004,32.45000000000073,112.33500000000437,1.7308936825886263,0.0,128.6999999999971,Target Limit (1.75R),49005.390000000174,48194.06000000002,811.3300000001545
2024-05-16 10:15:00-04:00,2024-05-16 10:55:00-04:00,2024-05-16,LONG,18135.65,18170.737500000007,18136.15,18170.737500000007,20.05000000000291,68.93500000001019,1.7190773067331717,-9.700000000004366,71.5,Target Limit (1.75R),49074.325000000186,48194.06000000002,880.2650000001668
2024-05-17 10:30:00-04:00,2024-05-17 11:00:00-04:00,2024-05-17,LONG,18106.25,18084.75,18085.0,18143.4375,21.25,-44.24,-1.0409411764705883,-76.09999999999854,1.9000000000014552,Stop Loss,49030.08500000019,48194.06000000002,836.0250000001688
2024-05-21 09:50:00-04:00,2024-05-21 10:35:00-04:00,2024-05-21,LONG,18152.65,18189.8375,18153.15,18189.8375,21.25,73.135,1.7208235294117649,-28.900000000001455,77.5,Target Limit (1.75R),49103.22000000019,48194.06000000002,909.1600000001708
2024-05-24 10:05:00-04:00,2024-05-24 10:25:00-04:00,2024-05-24,LONG,18234.25,18280.537500000002,18234.75,18280.537500000002,26.450000000000728,91.33500000000437,1.7265595463138348,0.0,96.69999999999709,Target Limit (1.75R),49194.5550000002,48194.06000000002,1000.4950000001772
2024-05-29 10:35:00-04:00,2024-05-29 11:15:00-04:00,2024-05-29,LONG,18320.25,18282.5,18282.75,18385.875,37.5,-76.74,-1.0231999999999999,-83.69999999999709,14.69999999999709,Stop Loss,49117.8150000002,48194.06000000002,923.7550000001793
2024-05-30 10:10:00-04:00,2024-05-30 10:40:00-04:00,2024-05-30,SHORT,18163.75,18113.962500000005,18163.25,18113.962500000005,28.44999999999709,98.33499999998982,1.7282073813708239,-47.69999999999709,111.90000000000146,Target Limit (1.75R),49216.15000000019,48194.06000000002,1022.0900000001711
2024-05-31 09:50:00-04:00,2024-05-31 10:15:00-04:00,2024-05-31,SHORT,18022.15,17956.525,18021.65,17956.525,37.5,130.01,1.7334666666666665,-10.099999999998545,176.3000000000029,Target Limit (1.75R),49346.16000000019,48194.06000000002,1152.1000000001732
2024-06-03 09:50:00-04:00,2024-06-03 10:45:00-04:00,2024-06-03,SHORT,18156.55,18091.3625,18156.05,18091.3625,37.25,129.135,1.7333557046979864,-70.09999999999854,153.09999999999854,Target Limit (1.75R),49475.295000000195,48194.06000000002,1281.2350000001752
2024-06-05 10:00:00-04:00,2024-06-05 10:05:00-04:00,2024-06-05,LONG,18321.45,18301.2,18301.45,18356.45,20.0,-41.74,-1.0435,-64.5,0.0,Stop Loss,49433.5550000002,48194.06000000002,1239.4950000001772
2024-06-06 09:45:00-04:00,2024-06-06 09:55:00-04:00,2024-06-06,SHORT,18536.75,18536.5,18536.25,18484.512500000004,29.849999999998545,-0.74,-0.012395309882747672,-24.099999999998545,71.09999999999854,Stop Loss,49432.8150000002,48194.06000000002,1238.7550000001793
2024-06-07 10:10:00-04:00,2024-06-07 10:40:00-04:00,2024-06-07,LONG,18516.65,18559.437500000004,18517.15,18559.437500000004,24.450000000000728,84.33500000000437,1.724642126789404,-18.10000000000582,109.89999999999418,Target Limit (1.75R),49517.150000000205,48194.06000000002,1323.0900000001857
2024-06-10 10:30:00-04:00,2024-06-10 11:00:00-04:00,2024-06-10,LONG,18507.85,18548.887499999993,18508.35,18548.887499999993,23.44999999999709,80.83499999998982,1.7235607675906153,-1.2999999999956344,95.5,Target Limit (1.75R),49597.9850000002,48194.06000000002,1403.9250000001775
2024-06-11 09:45:00-04:00,2024-06-11 10:10:00-04:00,2024-06-11,SHORT,18511.15,18548.9,18548.65,18445.525,37.5,-76.74,-1.0231999999999999,-82.89999999999418,53.5,Stop Loss,49521.2450000002,48194.06000000002,1327.1850000001796
2024-06-13 10:10:00-04:00,2024-06-13 10:35:00-04:00,2024-06-13,SHORT,19063.35,19063.1,19062.85,18997.725,37.5,-0.74,-0.009866666666666666,-9.30000000000291,104.69999999999709,Stop Loss,49520.5050000002,48194.06000000002,1326.4450000001816
2024-06-14 09:50:00-04:00,2024-06-14 10:10:00-04:00,2024-06-14,LONG,19112.05,19074.3,19074.55,19177.675,37.5,-76.74,-1.0231999999999999,-80.5,20.700000000004366,Stop Loss,49443.7650000002,48194.06000000002,1249.7050000001836
2024-06-17 10:35:00-04:00,2024-06-17 12:15:00-04:00,2024-06-17,LONG,19198.65,19247.737500000007,19199.15,19247.737500000007,28.05000000000291,96.93500000001019,1.7278966131907332,-50.900000000001455,99.5,Target Limit (1.75R),49540.700000000215,48194.06000000002,1346.6400000001959
2024-06-18 10:55:00-04:00,2024-06-18 12:55:00-04:00,2024-06-18,SHORT,19368.95,19406.7,19406.45,19303.325,37.5,-76.74,-1.0231999999999999,-93.29999999999563,62.700000000004366,Stop Loss,49463.96000000022,48194.06000000002,1269.900000000198
2024-06-21 09:45:00-04:00,2024-06-21 10:00:00-04:00,2024-06-21,SHORT,19191.55,19200.25,19191.05,19127.2375,36.75,-18.640000000001454,-0.2536054421768905,-32.099999999998545,85.5,Stop Loss,49445.32000000022,48194.06000000002,1251.2600000001985
2024-06-25 10:05:00-04:00,2024-06-25 12:00:00-04:00,2024-06-25,LONG,19101.05,19166.675,19101.55,19166.675,37.5,130.01,1.7334666666666665,-67.69999999999709,133.90000000000146,Target Limit (1.75R),49575.33000000022,48194.06000000002,1381.2700000002005
2024-06-26 09:50:00-04:00,2024-06-26 11:10:00-04:00,2024-06-26,LONG,19195.85,19143.35,19158.35,19261.475,37.5,-106.24,-1.4165333333333332,-126.89999999999418,58.700000000004366,Stop Loss,49469.09000000022,48194.06000000002,1275.0300000002026
2024-07-03 09:50:00-04:00,2024-07-03 10:45:00-04:00,2024-07-03,LONG,19499.05,19543.937499999996,19499.55,19543.937499999996,25.649999999997817,88.53499999999418,1.72582846003902,-50.099999999998545,91.5,Target Limit (1.75R),49557.62500000022,48194.06000000002,1363.5650000001988
2024-07-05 10:10:00-04:00,2024-07-05 10:35:00-04:00,2024-07-05,LONG,19725.45,19725.7,19725.95,19772.087499999998,26.649999999997817,-0.74,-0.013883677298312582,-8.5,62.69999999999709,Stop Loss,49556.88500000022,48194.06000000002,1362.8250000002008
2024-07-08 11:20:00-04:00,2024-07-08 12:05:00-04:00,2024-07-08,LONG,19888.25,19851.55,19851.8,19952.037500000002,36.45000000000073,-74.64000000000145,-1.023868312757201,-75.30000000000291,17.900000000001455,Stop Loss,49482.24500000022,48194.06000000002,1288.1850000002014
2024-07-09 10:25:00-04:00,2024-07-09 13:15:00-04:00,2024-07-09,SHORT,19934.95,19871.1625,19934.45,19871.1625,36.45000000000073,126.33500000000437,1.732990397805238,-66.09999999999854,144.70000000000437,Target Limit (1.75R),49608.58000000023,48194.06000000002,1414.5200000002078
2024-07-10 09:45:00-04:00,2024-07-10 10:35:00-04:00,2024-07-10,LONG,20003.65,19976.35,19976.6,20050.987500000007,27.05000000000291,-55.84000000000582,-1.0321626617375197,-57.700000000004366,35.89999999999418,Stop Loss,49552.74000000022,48194.06000000002,1358.680000000204
2024-07-11 09:50:00-04:00,2024-07-11 10:10:00-04:00,2024-07-11,SHORT,20065.55,19999.925,20065.05,19999.925,37.5,130.01,1.7334666666666665,-64.90000000000146,152.6999999999971,Target Limit (1.75R),49682.750000000226,48194.06000000002,1488.690000000206
2024-07-12 10:00:00-04:00,2024-07-12 10:40:00-04:00,2024-07-12,LONG,19806.85,19872.475,19807.35,19872.475,37.5,130.01,1.7334666666666665,-48.89999999999418,160.70000000000437,Target Limit (1.75R),49812.76000000023,48194.06000000002,1618.700000000208
2024-07-16 09:50:00-04:00,2024-07-16 09:55:00-04:00,2024-07-16,SHORT,19883.35,19834.962499999994,19882.85,19834.962499999994,27.650000000001455,95.53500000000874,1.7275768535262876,0.0,107.5,Target Limit (1.75R),49908.29500000024,48194.06000000002,1714.2350000002189
2024-08-13 09:45:00-04:00,2024-08-13 10:30:00-04:00,2024-08-13,LONG,18312.65,18274.9,18275.15,18378.275,37.5,-76.74,-1.0231999999999999,-90.10000000000582,22.69999999999709,Stop Loss,49831.55500000024,48194.06000000002,1637.495000000221
2024-08-21 10:10:00-04:00,2024-08-21 10:30:00-04:00,2024-08-21,LONG,19266.25,19266.5,19266.75,19319.537500000002,30.450000000000728,-0.74,-0.012151067323480825,-43.69999999999709,71.09999999999854,Stop Loss,49830.81500000024,48194.06000000002,1636.755000000223
2024-08-22 09:55:00-04:00,2024-08-22 10:00:00-04:00,2024-08-22,SHORT,19373.75,19374.65,19373.25,19332.362499999996,23.650000000001455,-3.0400000000029106,-0.06427061310787999,-2.900000000001455,48.30000000000291,Stop Loss,49827.77500000024,48194.06000000002,1633.715000000222
2024-08-23 10:00:00-04:00,2024-08-23 10:05:00-04:00,2024-08-23,LONG,19253.85,19216.1,19216.35,19319.475,37.5,-76.74,-1.0231999999999999,-139.6999999999971,34.30000000000291,Stop Loss,49751.03500000024,48194.06000000002,1556.975000000224
2024-08-30 10:15:00-04:00,2024-08-30 10:25:00-04:00,2024-08-30,LONG,19023.25,18987.65,18987.9,19085.112499999996,35.349999999998545,-72.43999999999708,-1.0246110325318256,-112.90000000000146,0.0,Stop Loss,49678.59500000025,48194.06000000002,1484.535000000229
2024-09-20 10:20:00-04:00,2024-09-20 10:55:00-04:00,2024-09-20,SHORT,19273.35,19207.725,19272.85,19207.725,37.5,130.01,1.7334666666666665,-11.700000000004366,137.09999999999854,Target Limit (1.75R),49808.60500000025,48194.06000000002,1614.545000000231
2024-09-23 09:45:00-04:00,2024-09-23 10:00:00-04:00,2024-09-23,LONG,19341.85,19304.1,19304.35,19407.475,37.5,-76.74,-1.0231999999999999,-103.29999999999563,3.5,Stop Loss,49731.86500000025,48194.06000000002,1537.8050000002331
2024-09-24 09:50:00-04:00,2024-09-24 10:00:00-04:00,2024-09-24,SHORT,19343.75,19300.087499999998,19343.25,19300.087499999998,24.950000000000728,86.08500000000437,1.7251503006012396,-14.099999999998545,204.6999999999971,Target Limit (1.75R),49817.95000000026,48194.06000000002,1623.8900000002395
2024-10-04 09:55:00-04:00,2024-10-04 10:00:00-04:00,2024-10-04,SHORT,19355.35,19393.1,19392.85,19289.725,37.5,-76.74,-1.0231999999999999,-80.5,8.299999999995634,Stop Loss,49741.21000000026,48194.06000000002,1547.1500000002416
2024-10-07 10:15:00-04:00,2024-10-07 11:05:00-04:00,2024-10-07,LONG,19445.85,19405.75,19414.2,19501.237499999996,31.649999999997817,-81.43999999999708,-1.2865718799368515,-85.29999999999563,31.5,Stop Loss,49659.770000000266,48194.06000000002,1465.7100000002465
2024-10-08 10:00:00-04:00,2024-10-08 10:45:00-04:00,2024-10-08,LONG,19464.65,19530.275,19465.15,19530.275,37.5,130.01,1.7334666666666665,-55.700000000004366,158.29999999999563,Target Limit (1.75R),49789.78000000027,48194.06000000002,1595.7200000002485
2024-10-10 09:45:00-04:00,2024-10-10 09:55:00-04:00,2024-10-10,SHORT,19590.35,19632.25,19627.85,19524.725,37.5,-85.0400000000029,-1.1338666666667054,-132.90000000000146,14.299999999995634,Stop Loss,49704.74000000027,48194.06000000002,1510.6800000002477
2024-10-11 10:05:00-04:00,2024-10-11 10:25:00-04:00,2024-10-11,LONG,19688.65,19754.275,19689.15,19754.275,37.5,130.01,1.7334666666666665,0.0,148.29999999999563,Target Limit (1.75R),49834.75000000027,48194.06000000002,1640.6900000002497
2024-10-15 10:10:00-04:00,2024-10-15 10:25:00-04:00,2024-10-15,SHORT,19862.75,19797.125,19862.25,19797.125,37.5,130.01,1.7334666666666665,-2.5,134.3000000000029,Target Limit (1.75R),49964.76000000027,48194.06000000002,1770.7000000002517
2024-10-23 10:00:00-04:00,2024-10-23 10:30:00-04:00,2024-10-23,SHORT,19692.95,19730.7,19730.45,19627.325,37.5,-76.74,-1.0231999999999999,-102.90000000000146,69.90000000000146,Stop Loss,49888.02000000027,48194.06000000002,1693.9600000002538
2024-11-08 10:10:00-05:00,2024-11-08 10:30:00-05:00,2024-11-08,SHORT,20502.15,20539.9,20539.65,20436.525,37.5,-76.74,-1.0231999999999999,-86.89999999999418,10.700000000004366,Stop Loss,49811.280000000275,48194.06000000002,1617.2200000002558
2024-11-13 10:00:00-05:00,2024-11-13 10:05:00-05:00,2024-11-13,SHORT,20441.75,20451.05,20441.25,20376.125,37.5,-19.839999999998543,-0.2645333333333139,-18.099999999998545,87.5,Stop Loss,49791.44000000028,48194.06000000002,1597.3800000002593
2024-11-18 09:50:00-05:00,2024-11-18 10:00:00-05:00,2024-11-18,SHORT,19882.55,19913.65,19913.4,19828.562499999996,30.850000000002183,-63.44000000000437,-1.0282009724473238,-138.09999999999854,12.299999999995634,Stop Loss,49728.00000000028,48194.06000000002,1533.940000000257
2024-11-26 10:15:00-05:00,2024-11-26 10:30:00-05:00,2024-11-26,SHORT,20308.55,20346.3,20346.05,20242.925,37.5,-76.74,-1.0231999999999999,-97.30000000000291,0.2999999999956344,Stop Loss,49651.26000000028,48194.06000000002,1457.200000000259
2024-12-04 10:15:00-05:00,2024-12-04 13:35:00-05:00,2024-12-04,LONG,20840.25,20840.5,20840.75,20899.837499999998,34.04999999999927,-0.74,-0.010866372980910657,-10.099999999998545,97.90000000000146,Stop Loss,49650.52000000028,48194.06000000002,1456.460000000261
2024-12-05 10:50:00-05:00,2024-12-05 11:20:00-05:00,2024-12-05,SHORT,20904.15,20931.45,20931.2,20856.812500000004,27.049999999999272,-55.83999999999855,-1.032162661737524,-59.299999999995634,11.10000000000582,Stop Loss,49594.680000000284,48194.06000000002,1400.6200000002646
2024-12-12 10:10:00-05:00,2024-12-12 10:20:00-05:00,2024-12-12,SHORT,21064.55,21091.050000000003,21090.800000000003,21018.612499999992,26.250000000003638,-54.24000000000728,-1.0331428571428525,-98.09999999999854,33.900000000001455,Stop Loss,49540.44000000028,48194.06000000002,1346.3800000002593
2024-12-16 09:50:00-05:00,2024-12-16 11:20:00-05:00,2024-12-16,LONG,21389.85,21455.475,21390.35,21455.475,37.5,130.01,1.7334666666666665,-65.29999999999563,141.90000000000146,Target Limit (1.75R),49670.45000000028,48194.06000000002,1476.3900000002614
2024-12-26 11:15:00-05:00,2024-12-26 12:45:00-05:00,2024-12-26,LONG,21192.85,21193.1,21193.35,21257.1625,36.75,-0.74,-0.010068027210884354,-67.29999999999563,94.30000000000291,Stop Loss,49669.71000000028,48194.06000000002,1475.6500000002634
2025-01-23 10:30:00-05:00,2025-01-23 12:30:00-05:00,2025-01-23,LONG,21193.05,21193.3,21193.55,21247.0375,30.849999999998545,-0.74,-0.011993517017828767,-31.69999999999709,81.90000000000146,Stop Loss,49668.970000000285,48194.06000000002,1474.9100000002654
2025-01-24 09:45:00-05:00,2025-01-24 10:00:00-05:00,2025-01-24,LONG,21337.45,21299.75,21300.0,21402.987500000003,37.45000000000073,-76.64000000000145,-1.0232309746328432,-79.70000000000437,21.099999999998545,Stop Loss,49592.330000000286,48194.06000000002,1398.270000000266
2025-02-06 09:45:00-05:00,2025-02-06 09:50:00-05:00,2025-02-06,LONG,21105.05,21096.95,21105.55,21147.137499999997,24.049999999999272,-17.439999999997088,-0.362577962577913,-15.69999999999709,57.099999999998545,Stop Loss,49574.89000000029,48194.06000000002,1380.830000000271
2025-02-14 10:55:00-05:00,2025-02-14 11:20:00-05:00,2025-02-14,LONG,21497.05,21439.75,21459.55,21562.675,37.5,-115.83999999999854,-1.5445333333333138,-114.09999999999854,12.30000000000291,Stop Loss,49459.050000000294,48194.06000000002,1264.9900000002744
2025-02-18 10:20:00-05:00,2025-02-18 10:25:00-05:00,2025-02-18,SHORT,21514.15,21514.05,21513.65,21448.525,37.5,-1.0399999999956344,-0.013866666666608459,-7.69999999999709,92.70000000000437,Stop Loss,49458.0100000003,48194.06000000002,1263.9500000002809
2025-02-20 09:50:00-05:00,2025-02-20 09:55:00-05:00,2025-02-20,SHORT,21413.55,21415.45,21413.05,21347.925,37.5,-5.040000000002911,-0.06720000000003881,-3.3000000000029104,135.09999999999854,Stop Loss,49452.9700000003,48194.06000000002,1258.91000000028
2025-05-20 09:45:00-04:00,2025-05-20 09:50:00-04:00,2025-05-20,SHORT,20737.35,20775.1,20774.85,20671.725,37.5,-76.74,-1.0231999999999999,-110.10000000000582,25.099999999998545,Stop Loss,49376.2300000003,48194.06000000002,1182.170000000282
2025-06-27 09:55:00-04:00,2025-06-27 10:30:00-04:00,2025-06-27,LONG,21943.25,21943.5,21943.75,22008.875,37.5,-0.74,-0.009866666666666666,-0.09999999999854481,107.09999999999854,Stop Loss,49375.4900000003,48194.06000000002,1181.430000000284
2025-07-01 09:50:00-04:00,2025-07-01 10:00:00-04:00,2025-07-01,LONG,22009.05,21985.15,21985.4,22050.437499999996,23.649999999997817,-49.039999999995636,-1.0367864693446123,-59.299999999995634,5.099999999998545,Stop Loss,49326.45000000031,48194.06000000002,1132.3900000002905
2025-07-02 10:10:00-04:00,2025-07-02 10:50:00-04:00,2025-07-02,LONG,21945.05,22010.675,21945.55,22010.675,37.5,130.01,1.7334666666666665,-0.5,140.3000000000029,Target Limit (1.75R),49456.46000000031,48194.06000000002,1262.4000000002925
2025-07-08 09:55:00-04:00,2025-07-08 10:30:00-04:00,2025-07-08,SHORT,22088.35,22088.1,22087.85,22040.487500000003,27.349999999998545,-0.74,-0.013528336380256661,-65.70000000000437,72.69999999999709,Stop Loss,49455.720000000314,48194.06000000002,1261.6600000002945
2025-07-18 10:15:00-04:00,2025-07-18 10:45:00-04:00,2025-07-18,SHORT,22454.15,22453.9,22453.65,22388.525,37.5,-0.74,-0.009866666666666666,-15.69999999999709,81.10000000000582,Stop Loss,49454.980000000316,48194.06000000002,1260.9200000002966
2025-07-25 09:45:00-04:00,2025-07-25 12:05:00-04:00,2025-07-25,LONG,22619.45,22664.3375,22619.95,22664.3375,25.650000000001455,88.53500000000146,1.7258284600389169,-13.30000000000291,95.5,Target Limit (1.75R),49543.51500000032,48194.06000000002,1349.4550000003
2025-07-28 09:50:00-04:00,2025-07-28 10:20:00-04:00,2025-07-28,LONG,22742.25,22721.050000000003,22721.300000000003,22778.912499999995,20.94999999999709,-43.63999999999418,-1.0415274463007218,-55.69999999999709,37.099999999998545,Stop Loss,49499.87500000033,48194.06000000002,1305.815000000308
2025-08-13 10:15:00-04:00,2025-08-13 11:05:00-04:00,2025-08-13,SHORT,23260.95,23195.325,23260.45,23195.325,37.5,130.01,1.7334666666666665,-22.099999999998545,146.70000000000437,Target Limit (1.75R),49629.88500000033,48194.06000000002,1435.82500000031
2025-08-18 09:50:00-04:00,2025-08-18 10:20:00-04:00,2025-08-18,SHORT,23046.95,23081.05,23080.8,22987.7125,33.849999999998545,-69.43999999999708,-1.025701624815363,-114.90000000000146,33.900000000001455,Stop Loss,49560.445000000334,48194.06000000002,1366.385000000315
2025-08-26 10:30:00-04:00,2025-08-26 11:35:00-04:00,2025-08-26,LONG,22855.05,22815.75,22817.55,22920.675,37.5,-79.83999999999854,-1.0645333333333138,-78.90000000000146,34.700000000004366,Stop Loss,49480.60500000034,48194.06000000002,1286.5450000003184
2025-08-27 09:45:00-04:00,2025-08-27 09:50:00-04:00,2025-08-27,SHORT,22822.55,22860.3,22860.05,22756.925,37.5,-76.74,-1.0231999999999999,-81.70000000000437,0.0,Stop Loss,49403.86500000034,48194.06000000002,1209.8050000003204
2025-09-09 10:00:00-04:00,2025-09-09 10:10:00-04:00,2025-09-09,SHORT,23147.55,23185.3,23185.05,23081.925,37.5,-76.74,-1.0231999999999999,-104.90000000000146,9.5,Stop Loss,49327.12500000034,48194.06000000002,1133.0650000003225
2025-09-19 09:45:00-04:00,2025-09-19 10:20:00-04:00,2025-09-19,LONG,23915.65,23884.35,23884.6,23969.987500000007,31.05000000000291,-63.84000000000582,-1.028019323671495,-73.30000000000291,40.69999999999709,Stop Loss,49263.28500000034,48194.06000000002,1069.2250000003187
2025-09-22 09:50:00-04:00,2025-09-22 12:10:00-04:00,2025-09-22,LONG,23969.45,24035.075,23969.95,24035.075,37.5,130.01,1.7334666666666665,-32.5,154.6999999999971,Target Limit (1.75R),49393.29500000034,48194.06000000002,1199.2350000003207
2025-10-03 10:00:00-04:00,2025-10-03 10:40:00-04:00,2025-10-03,SHORT,24212.95,24250.7,24250.45,24147.325,37.5,-76.74,-1.0231999999999999,-78.90000000000146,62.700000000004366,Stop Loss,49316.55500000034,48194.06000000002,1122.4950000003228
2025-10-07 10:00:00-04:00,2025-10-07 10:05:00-04:00,2025-10-07,SHORT,24344.95,24366.35,24366.1,24307.937500000004,21.149999999997817,-44.039999999995636,-1.041134751773054,-50.099999999998545,7.5,Stop Loss,49272.51500000035,48194.06000000002,1078.4550000003292
2025-10-28 09:50:00-04:00,2025-10-28 09:55:00-04:00,2025-10-28,SHORT,25194.15,25229.25,25229.0,25133.162500000006,34.849999999998545,-71.43999999999708,-1.0249641319942622,-98.09999999999854,0.0,Stop Loss,49201.07500000035,48194.06000000002,1007.0150000003341
2025-10-29 09:50:00-04:00,2025-10-29 09:55:00-04:00,2025-10-29,LONG,25450.25,25450.15,25450.75,25485.337499999998,20.049999999999272,-1.4399999999970896,-0.03591022443883147,-1.3000000000029104,43.5,Stop Loss,49199.63500000036,48194.06000000002,1005.5750000003391
2025-12-30 09:45:00-05:00,2025-12-30 10:00:00-05:00,2025-12-30,LONG,24834.25,24834.5,24834.75,24881.412499999995,26.94999999999709,-0.74,-0.013729128014843783,-21.30000000000291,69.09999999999854,Stop Loss,49198.89500000036,48194.06000000002,1004.8350000003411
2026-09-16 09:45:00-04:00,2026-09-16 10:10:00-04:00,2026-09-16,LONG,28391.85,28354.1,28354.35,28457.475,37.5,-76.74,-1.0231999999999999,-79.69999999999709,33.900000000001455,Stop Loss,49122.15500000036,48194.06000000002,928.0950000003431
2026-09-18 09:45:00-04:00,2026-09-18 10:00:00-04:00,2026-09-18,SHORT,28731.75,28683.1875,28731.25,28683.1875,27.75,95.885,1.7276576576576577,-23.30000000000291,124.69999999999709,Target Limit (1.75R),49218.040000000365,48194.06000000002,1023.9800000003452
