stop_mode,time_stop_bars,time_stop_val,risk_reward,trades,win_rate_pct,net_pnl,expectancy_r,profit_factor,drift_ratio,trapped_trades,trapped_pct,max_dd
midpoint,2 bars,2,0.8,37,56.76,-513.56,0.009,0.65,1.271,3,18.8,970.44
midpoint,2 bars,2,0.9,37,56.76,-375.56,0.06,0.74,1.271,3,18.8,935.7
midpoint,2 bars,2,1.0,37,56.76,-272.74,0.092,0.82,1.378,3,18.8,901.56
midpoint,2 bars,2,1.1,37,51.35,-427.5,0.041,0.73,1.221,5,27.8,942.72
midpoint,2 bars,2,1.2,37,48.65,-556.24,0.022,0.67,1.221,6,31.6,869.28
midpoint,2 bars,2,1.3,37,43.24,-725.9,-0.036,0.58,1.221,8,38.1,901.8
midpoint,3 bars,3,0.8,37,56.76,-556.56,-0.011,0.63,1.176,3,18.8,1013.44
midpoint,3 bars,3,0.9,37,56.76,-421.32,0.041,0.72,1.176,3,18.8,981.46
midpoint,3 bars,3,1.0,37,56.76,-260.5,0.09,0.83,1.289,3,18.8,946.82
midpoint,3 bars,3,1.1,37,51.35,-384.36,0.051,0.76,1.239,5,27.8,988.6
midpoint,3 bars,3,1.2,37,48.65,-527.36,0.037,0.7,1.239,6,31.6,961.78
midpoint,3 bars,3,1.3,37,43.24,-655.88,-0.023,0.64,1.231,8,38.1,1001.54
midpoint,4 bars,4,0.8,37,54.05,-623.84,-0.033,0.59,1.114,3,17.6,1073.9
midpoint,4 bars,4,0.9,37,54.05,-466.78,0.019,0.7,1.114,3,17.6,1026.92
midpoint,4 bars,4,1.0,37,54.05,-331.82,0.071,0.79,1.239,3,17.6,995.04
midpoint,4 bars,4,1.1,37,48.65,-437.78,0.023,0.73,1.304,5,26.3,1070.0
midpoint,4 bars,4,1.2,37,45.95,-615.9,-0.007,0.66,1.366,6,30.0,1046.0
midpoint,4 bars,4,1.3,37,40.54,-864.2,-0.087,0.56,1.218,8,36.4,1116.96
midpoint,5 bars,5,0.8,37,54.05,-620.82,-0.028,0.59,1.114,3,17.6,1060.9
midpoint,5 bars,5,0.9,37,54.05,-468.78,0.024,0.7,1.114,3,17.6,1028.92
midpoint,5 bars,5,1.0,37,54.05,-318.82,0.076,0.79,1.239,3,17.6,982.04
midpoint,5 bars,5,1.1,37,48.65,-533.64,0.017,0.68,1.292,5,26.3,1089.96
midpoint,5 bars,5,1.2,37,43.24,-756.88,-0.027,0.59,1.352,7,33.3,1098.02
midpoint,5 bars,5,1.3,37,37.84,-912.16,-0.107,0.54,0.987,9,39.1,1164.92
midpoint,None,-1,0.8,37,59.46,-513.8,0.01,0.67,1.114,3,20.0,970.68
midpoint,None,-1,0.9,37,59.46,-378.58,0.067,0.76,1.123,3,20.0,938.72
midpoint,None,-1,1.0,37,59.46,-174.42,0.124,0.89,1.374,3,20.0,879.72
midpoint,None,-1,1.1,37,54.05,-340.5,0.07,0.81,1.382,5,29.4,960.14
midpoint,None,-1,1.2,37,51.35,-508.66,0.064,0.74,1.452,6,33.3,952.34
midpoint,None,-1,1.3,37,45.95,-707.24,-0.008,0.67,0.962,8,40.0,1005.64
full_range,2 bars,2,0.8,37,51.35,-335.2,0.038,0.73,1.187,1,5.6,691.68
full_range,2 bars,2,0.9,37,45.95,-596.58,-0.042,0.55,1.158,1,5.0,704.32
full_range,2 bars,2,1.0,37,45.95,-538.8,-0.019,0.6,1.158,1,5.0,688.94
full_range,2 bars,2,1.1,37,43.24,-587.2,-0.028,0.58,1.127,2,9.5,669.76
full_range,2 bars,2,1.2,37,40.54,-590.56,-0.047,0.56,1.127,3,13.6,699.56
full_range,2 bars,2,1.3,37,40.54,-661.38,-0.07,0.5,1.127,3,13.6,738.62
full_range,3 bars,3,0.8,37,51.35,-290.56,0.048,0.78,1.251,1,5.6,712.68
full_range,3 bars,3,0.9,37,45.95,-538.08,-0.007,0.62,1.189,1,5.0,705.44
full_range,3 bars,3,1.0,37,45.95,-390.7,0.027,0.73,1.189,1,5.0,651.64
full_range,3 bars,3,1.1,37,45.95,-419.88,0.023,0.71,1.175,1,5.0,607.48
full_range,3 bars,3,1.2,37,43.24,-509.5,-0.002,0.65,0.993,2,9.5,682.26
full_range,3 bars,3,1.3,37,43.24,-497.32,0.004,0.66,0.993,2,9.5,698.08
full_range,4 bars,4,0.8,37,51.35,-336.04,0.018,0.75,1.268,1,5.6,782.96
full_range,4 bars,4,0.9,37,45.95,-595.62,-0.047,0.59,1.073,1,5.0,758.84
full_range,4 bars,4,1.0,37,45.95,-527.02,-0.013,0.65,1.073,1,5.0,747.16
full_range,4 bars,4,1.1,37,45.95,-456.7,0.006,0.7,1.039,1,5.0,701.5
full_range,4 bars,4,1.2,37,43.24,-565.52,-0.021,0.64,1.032,2,9.5,819.54
full_range,4 bars,4,1.3,37,43.24,-549.48,-0.012,0.65,1.032,2,9.5,850.4
full_range,5 bars,5,0.8,37,51.35,-387.8,0.015,0.72,1.27,1,5.6,863.48
full_range,5 bars,5,0.9,37,43.24,-675.5,-0.066,0.58,1.042,1,4.8,911.36
full_range,5 bars,5,1.0,37,43.24,-614.06,-0.039,0.62,1.042,1,4.8,864.68
full_range,5 bars,5,1.1,37,43.24,-547.26,-0.019,0.66,1.036,1,4.8,803.34
full_range,5 bars,5,1.2,37,40.54,-597.84,-0.043,0.64,0.974,2,9.1,925.04
full_range,5 bars,5,1.3,37,37.84,-610.18,-0.048,0.62,0.974,3,13.0,977.6
full_range,None,-1,0.8,37,62.16,-161.52,0.078,0.89,1.317,1,7.1,781.26
full_range,None,-1,0.9,37,56.76,-352.14,0.038,0.79,1.256,1,6.2,829.46
full_range,None,-1,1.0,37,56.76,-180.72,0.093,0.89,1.313,1,6.2,833.78
full_range,None,-1,1.1,37,54.05,-175.74,0.092,0.9,1.263,2,11.8,836.1
full_range,None,-1,1.2,37,51.35,-139.12,0.086,0.92,1.233,3,16.7,904.36
full_range,None,-1,1.3,37,48.65,-262.08,0.075,0.86,1.178,4,21.1,1072.98
