risk_pct_buffer,risk_usd,orden,p_breach_%,p_halt_%,cagr_mediana_cond_vivo_%,cagr_p5_cond_vivo_%
0.25,5.0,mae_first,0.0,0.0,1.0165792558774367,0.6791425897412218
0.25,5.0,mfe_first,0.0,0.0,1.03730710222949,0.6794501185246826
0.5,10.0,mae_first,0.0,0.0,2.0333367158203774,1.3594187011158665
0.5,10.0,mfe_first,0.0,0.0,2.032385060329922,1.3500308966890584
0.75,15.0,mae_first,0.0,0.0,3.044546117017055,2.0361285187390665
0.75,15.0,mfe_first,0.0,0.0,3.045309359871795,2.045712259002652
1.0,20.0,mae_first,0.0,0.0,4.064432467187595,2.7206616352812185
1.0,20.0,mfe_first,0.0,0.0,4.071645514620781,2.725221449230908
1.5,30.0,mae_first,0.0,0.0,6.103424741381103,4.081114844010303
1.5,30.0,mfe_first,0.0,0.0,6.089099466234904,4.073514807475576
