muestreo,riesgo_%buffer,riesgo_usd,p_breach_10y_%,p_halt_10y_%,cagr_mediana_%,mediana_log_crec
iid,0.25,5.0,0.0,0.0,0.05130353395137455,0.0005129037818778308
iid,0.5,10.0,0.0,0.0,0.1023708906132903,0.0010231852735051498
iid,0.75,15.0,0.0,0.0,0.15300249616747585,0.0015288556660320524
iid,1.0,20.0,0.0,0.0,0.2037100904543232,0.0020350288280376466
iid,1.5,30.0,0.0,0.0,0.3042083826898079,0.003037466052627156
iid,2.0,40.0,0.0,0.0,0.4030170965991786,0.004022071580962291
iid,3.0,60.0,0.0,0.02,0.5991441632407613,0.005973564317709523
iid,5.0,100.0,0.0,2.785,0.9325915057851519,0.009282697201601093
iid,7.000000000000001,140.0,0.045,19.775,1.1728903009412317,0.011660652576607674
iid,10.0,200.0,4.38,60.68,1.088358156068736,0.01082478163801595
iid,15.0,300.0,14.895,83.04,0.4871068228323061,0.004859242961055421
bloques_20,0.25,5.0,0.0,0.0,0.05128720971789846,0.0005127406232358607
bloques_20,0.5,10.0,0.0,0.0,0.10239178057060982,0.0010233939594229023
bloques_20,0.75,15.0,0.0,0.0,0.15311487184364037,0.0015299777054149722
bloques_20,1.0,20.0,0.0,0.0,0.2037907640254133,0.002035833923363359
bloques_20,1.5,30.0,0.0,0.0,0.3044267553138136,0.0030396431535664524
bloques_20,2.0,40.0,0.0,0.0,0.4037877500626674,0.004029747152157167
bloques_20,3.0,60.0,0.0,0.0,0.600421519675387,0.005986261725184477
bloques_20,5.0,100.0,0.0,0.065,0.9673839222402503,0.009627347236607083
bloques_20,7.000000000000001,140.0,0.0,12.22,1.1493059165950337,0.011427515680172771
bloques_20,10.0,200.0,0.055,69.32,0.8412827492344066,0.0083776368896977
bloques_20,15.0,300.0,11.72,87.08,0.271105447024822,0.0027073861905195415
